Key,Value
abaco,4.74129818511291
abata,3.898763322875199
abate,4.839950027126205
abati,4.989209414478371
abato,4.832259895496841
abavi,4.559548216752463
abavo,4.400891872518318
abaya,2.9910708641253434
abbai,3.9425484685371193
abbia,4.0133760336875
abbui,4.1805731699890405
abete,4.599513721323266
abeti,5.422133141409331
abile,5.433595503854293
abili,4.907031888403548
abita,4.890820414263666
abiti,4.891122179229844
abito,5.41585148183438
abuna,4.392543600588762
abusa,4.449443148795982
abusi,5.136168003880404
abuso,4.983272641651541
acari,5.33966317378572
acaro,5.1900284903573874
acati,5.183621504933334
acato,5.028454448338785
acazi,4.582068163725637
accia,4.30783143732419
accio,4.822114421987494
aceri,5.775249610085374
acero,5.637765941698346
acese,4.82800475443376
acesi,5.645991650717762
aceta,4.967143907653548
aceti,5.624963166355576
aceto,5.4838706445503105
achea,4.147613858357619
achee,3.986708568942073
achei,4.80121598128955
acheo,4.652518598204852
acida,4.816375382884295
acide,5.342804225653823
acidi,4.813864557523378
acido,5.338737369376139
acile,5.6375069847394235
acili,5.1102332951916996
acini,5.06654008522241
acino,5.587893331505507
acori,5.78995053110971
acoro,4.926740526034898
acqua,3.6173314694510266
acque,4.158811243528734
acqui,4.311808305788808
acquo,4.15374541348767
actea,4.868000418474017
actee,4.708175523416473
acuii,4.888458061914238
acume,4.944142374003978
acumi,5.09947011533627
acuta,4.610152188754507
acute,5.149399369973039
acuti,5.302432280535032
acuto,5.148894839884398
adagi,4.752527166711087
adale,4.903120733228626
adali,5.04941364443892
addai,3.9725973970819193
addii,4.030291426499304
addio,4.5514528857185725
addua,3.516915994421133
addui,4.205944554523027
adduo,4.0543532408296965
adesa,4.851632593946025
adese,4.686613146454345
adesi,5.502670249291835
adeso,5.3629837149138835
adima,4.732300171454629
adimi,4.730232095010253
adimo,5.256102118745198
adipe,5.198508337514624
adipi,4.668203239096936
adira,5.08903453498724
adire,5.616470894520592
adiri,5.081328042976846
adiro,5.612169971062484
adita,4.928790919203476
adite,5.461006317039366
aditi,4.929337962748349
adito,5.455532916870808
adiva,4.511606226457874
adivi,4.510526803800704
adivo,5.038398854168878
adobe,5.018991001995878
adona,4.807638264291313
adone,5.338014855664147
adoni,5.461782413167652
adono,4.598648872656816
adora,4.990349427209154
adori,5.6347085002870765
adoro,4.779139934580972
adoxa,3.912967162314383
adoxe,4.440318924147847
adula,4.479528372807716
aduli,5.166583893393858
adulo,5.0149822362455545
aduna,4.447755252678872
aduni,5.133465230895649
aduno,4.9839365423887525
adusa,4.501001222659222
aduse,5.036927466154869
adusi,5.184962269755213
aduso,5.03779729650404
aequo,4.525944918180709
aerai,5.559486986110144
aerea,4.878137639932332
aeree,4.375327833597548
aerei,5.498690126547676
aereo,5.355499090231532
afaca,3.720066857056182
afata,3.807819720206911
afate,4.7489529920350195
afati,4.897632873660565
afato,4.74184307895865
afeli,5.344284173422787
afeta,4.675514970515116
afeti,5.334523070230515
afide,5.039584454015092
afidi,4.510448264980448
afnii,4.73211268444259
afnio,5.245250755613402
afona,4.66400978443305
afone,5.191668465377583
afoni,5.322977932027677
afono,4.454527293729545
afosa,4.722745690533929
afose,5.2436359006799655
afosi,5.3721040392498045
afoso,4.508233275262116
agama,3.7176593457262705
agame,4.6558708198273715
agami,4.8064602528084635
agamo,4.650403026321434
agape,4.591599828256876
agapi,4.742426703055338
agata,3.920134119532532
agate,4.860928021752448
agave,4.435547031517804
agavi,4.584329642967994
aggio,4.591241695389297
agiai,4.425869401389956
agile,5.454669682408425
agili,4.927997875715011
agino,5.403422282668906
agire,5.594970422388559
agita,4.90918094360328
agite,5.440336709210422
agiti,4.911419238703612
agito,5.437007217003066
agiva,4.4915338574772425
agivi,4.493053448104302
agivo,5.019583374751856
aglio,5.39464849167437
agone,5.309519122526233
agoni,5.439359575644273
agora,4.963591877730187
aguti,5.125779653284449
aiace,5.4604829944361555
aiaci,4.929930488218403
aiata,4.662425349479251
aiate,5.551846917008841
aiola,5.4941384444239665
aiole,5.924978572817903
aioli,5.4666832178571125
aiolo,5.290230057520939
aione,5.893794894140419
aioni,5.431438084977479
aitai,4.768595362697306
aiuga,4.873188290391255
aiuta,5.159556357059986
aiuti,5.12557908249285
aiuto,5.651126665248252
aizza,3.8346460082275664
aizzi,3.783594906207672
aizzo,4.349315762173977
alaci,5.2132452754438825
alala,3.4924025972254045
alale,4.4352798709546235
alali,4.58210478287973
alalo,4.427013001145207
alami,5.087236246781748
alane,5.091016452506848
alani,5.238490291294968
alano,5.080487184758444
alare,5.273193491085894
alari,5.410917223107666
alata,4.206341576288024
alate,5.149994001418981
alati,5.292917190566114
alato,5.140288877109071
alava,3.780374804193798
alavi,4.868174984134612
alavo,4.710714965462981
albio,5.326794925935539
album,4.114931485818173
alcea,4.911378919253124
alcee,4.749475128513534
alche,4.550220534985024
alcol,4.109112601484831
aldio,5.3473185874392835
aleph,4.2439703058309215
alesa,5.114409271474005
alese,4.9503942429433305
alesi,5.76367385733516
aleso,5.625913310867615
alghe,4.404983096775426
algia,4.8832829784062
algie,5.414974127095755
aliai,4.7091439777541675
alias,4.798048909846006
alibi,4.860328969845332
alice,5.641989165278084
alici,5.115805825812982
alida,4.917934939824629
alide,5.445986036104548
alidi,4.916433337649352
alido,5.441716098817722
alimi,4.991629128816228
alimo,5.516879815323752
alino,5.662331914480878
alita,5.194214975400566
alite,5.725133961186648
aliti,5.195447909604837
alito,5.719823987068778
allea,4.343676017710321
allee,4.182295022803028
allei,4.9954069971439985
alleo,4.853394736244624
almea,4.793914839303014
almee,4.633793428027581
alobi,5.412949840826223
alona,5.044595880174622
alone,5.573297906488643
aloni,5.701154799992931
alono,4.833370180272928
alosa,5.13531301187289
alose,5.659692637011488
alpha,3.8647458263508736
altea,4.98225009391241
altee,4.822226961177815
altra,4.951209358058039
altre,5.506440573930563
altri,5.633542766881178
altro,5.501899365284686
alula,4.022730612633578
alule,4.563601941603182
alvei,5.2133791355197685
alveo,5.073337437263469
alzai,4.495075088041144
amaca,3.9292031933513916
amaci,5.017642055687378
amala,4.02093440988215
amale,4.9606723707182425
amali,5.109373911942759
amalo,4.954380896616366
amami,4.30766396789023
amane,4.923655816924789
amano,4.914475786821435
amara,4.1715398269680355
amare,5.111047183112922
amari,5.25163344720107
amaro,5.104787515278514
amasi,5.134207162278932
amata,4.0164783786395795
amate,4.958936329671392
amati,5.1052212108726795
amato,4.952017614593043
amava,3.5857723103675054
amavi,4.673641117157529
amavo,4.518717660343064
ambia,4.607778380299392
ambii,4.608936509153761
ambio,5.126058480466748
ambra,4.482434869207023
ambre,5.035853950246791
ameba,4.541086957541143
amebe,4.378249782276226
amena,4.864417495708449
amene,4.703498406010213
ameni,5.523246295775331
ameno,5.373328279670555
amica,4.920219225299823
amici,4.92114959989881
amico,5.446666307442315
amida,4.728688421440251
amide,5.25814201423755
amidi,4.725965569518657
amido,5.251601000194147
amiga,4.719568279810659
amigo,5.245486219837997
amile,5.547443100597482
amili,5.02026914601825
amina,4.973549797316361
amine,5.503150145489487
amino,5.496439158597081
ammai,4.091420537906834
amnii,4.947156751660461
amnio,5.461633278438319
amomi,4.770001740410894
amomo,3.900348505888384
amore,5.583041211947866
amori,5.70400576397167
ampia,4.681707273084737
ampie,5.213653227590528
ampio,5.2002959947928
ampli,5.107759893922991
amuli,5.232280313653768
amulo,5.077431101707993
anale,5.074869734470386
anali,5.2220524372566075
anari,5.369625958111578
anche,4.4825627392617795
ancia,4.969732481102594
andai,4.6984621792910435
anela,5.006264785397336
anele,4.846281709532994
aneli,5.6644186998246475
anelo,5.520304549416536
aneti,5.679555900845844
aneto,5.538913268188217
angla,4.535024893658078
angle,5.0876016682380545
angli,5.216962947667281
anglo,5.083784172455891
angue,4.835928772532399
angui,4.98033262713556
anice,5.582033412229404
anici,5.055156296976723
anile,5.660474152992119
anili,5.131469898761074
anima,4.931228585038023
anime,5.460778877773542
animi,4.930831938207272
animo,5.4560032713640405
annoi,4.769126604473096
annua,3.8758254419875824
annue,4.421970198551773
annui,4.566821348883063
annuo,4.409255228792953
anobi,5.34318730525914
anodi,5.407173000173437
anodo,4.550519033841372
anona,4.329087392865695
anone,4.8587470417453655
ansai,5.047245139170122
ansia,5.116469122328924
ansie,5.6524412748620625
ansio,5.633125499773039
antri,5.589155306077907
antro,5.4573889845890475
anura,4.788476459319521
anure,5.333149272996676
anuri,5.474010868580422
anuro,5.328065420209393
aonia,5.407741840018043
aonie,5.844782241336173
aonio,5.167707634843811
aorta,5.429986430190776
aorte,5.945196336968339
apale,4.933270217258356
apali,5.0799959857541515
apate,4.926759333676398
apice,5.416402773045407
apici,4.891816184190618
apide,5.217204534438965
apidi,4.688889861780317
apina,4.943049222004951
apine,5.472059306800723
apira,5.1265249887604805
apire,5.652769564725105
apiri,5.11771529520859
apiro,5.649000393424578
apnea,4.778491806885478
apnee,4.619377410734262
apoda,4.592595882080018
apode,5.11875459424696
apodi,5.2446889724160695
apodo,4.382078263970392
appai,4.036259092688081
appia,4.100885151587311
appie,4.633640921019002
appio,4.6177267393317045
aprii,5.11575549607291
apula,4.50641172398116
apule,5.0435603460263945
apuli,5.196799234842913
apulo,5.040643681533004
araba,4.071810526251073
arabe,5.0137835616478155
arabi,5.159090060720998
arabo,5.0073848016486915
araci,5.4147938470278225
arala,4.38649676473789
arale,5.330082987186219
arali,5.470064383491893
aralo,5.32189488323771
arama,4.1992241957429375
arame,5.14155737371618
arami,5.284046175218504
aramo,5.134211837821249
arane,5.304083204263539
arano,5.292111330935036
arara,3.7108539147492174
arare,4.655231085725314
arata,4.409606834510139
arate,5.352185010790791
arati,5.493748574531069
arato,5.344535565916408
arava,3.9808605968078847
aravi,5.065349552335396
aravo,4.914543794830804
arcai,5.1897107482695395
arche,4.772751219075901
archi,4.8994110319796365
arcua,4.73648997267688
arcui,5.42522568951287
arcuo,5.274955125217759
ardea,4.927365719571715
ardee,4.76877799290953
ardii,5.0374492468599605
ardua,4.531840319263769
ardue,5.076698272507525
ardui,5.214285421361599
arduo,5.071882082585811
areai,5.427979815295312
areca,5.213524244657394
arena,5.252717844561399
arene,5.088731625507623
areni,5.9012547763969145
areno,5.759538352834666
arese,5.152019118590431
aresi,5.9582936907481345
argea,4.971138473671869
argee,4.812438548762678
argei,5.618803306201044
argeo,5.477850497316698
arghi,4.75131993469223
argon,4.77191237943623
arida,5.137234122278326
aride,5.666298513568549
aridi,5.129783524473645
arido,5.6614472816754375
arile,5.923874519012007
arili,5.388987114060699
arino,5.883927981997098
armai,5.081119291892808
arnia,5.334810270444078
arnie,5.869337032637458
aroma,5.093918371217075
aromi,5.747276426969098
arpia,5.100472280450746
arpie,5.6351209794243875
arsii,5.401238138309719
artai,5.267824438682666
artoa,5.058815477430174
artoe,5.5767925038457
artoi,5.704418119412313
artoo,4.89624030848387
asada,3.933856675376625
asado,4.860891622398558
asana,4.168328601007167
asari,5.425563337436528
asaro,5.2832177730526935
aschi,4.677129718503781
ascia,5.0324861610206275
ascio,5.5446790235202235
asili,5.207344388815562
asilo,5.728222526455063
asina,5.157345441583972
asine,5.684422365884119
asini,5.158145041488477
asino,5.675621505598708
asola,5.095779617261194
asole,5.620203651695167
asoli,5.746852064978818
asolo,4.883408142934867
aspra,4.749907857539143
aspre,5.3008329591884396
aspri,5.424607606194315
aspro,5.2996253728637175
assai,4.441011540410674
astia,5.102555223741967
astio,5.619250857935545
astri,5.654686522649115
astro,5.527673644195731
atava,3.743648420268154
atave,4.687637203481313
atavi,4.83243467821492
atavo,4.6777280536628245
atele,4.882206865747465
ateli,5.697894180414144
atomi,5.503381203992138
atomo,4.634940719587415
atona,5.030273346366462
atone,5.559859302431396
atoni,5.6886325150198545
atono,4.818699097192539
atout,4.188218418200181
atrii,5.302483968933932
atrio,5.8248488631785245
attai,4.349939648487307
attea,4.286932677562529
attee,4.127382530714087
attei,4.940322172691908
atteo,4.796622125914352
attua,3.887785490918107
attui,4.579295984474881
attuo,4.4260665972290045
audio,5.233294278390482
audit,4.748860047187405
auffa,3.4621494622010975
augna,4.498055859861068
augni,5.1886089668565365
augno,5.03469469559758
aulii,5.071413645667001
aurai,5.178746120180627
aurea,5.1044407230009465
auree,4.941409328112926
aurei,5.748647227235679
aureo,5.588388158929124
avana,3.7942974501265403
avara,3.9850115791115446
avare,4.924854622327171
avari,5.066449354945552
avaro,4.917308605066171
avena,4.67647475440444
avene,4.515087230989853
avere,4.691123573771256
averi,5.504414234194671
avete,4.541686383247642
aveva,3.8393567367063097
avevi,4.497270250326999
avevo,4.355149360064475
avida,4.540151757338575
avide,5.06876795436924
avidi,4.540670788287906
avido,5.063076706798414
avita,4.821872763566139
avite,5.354269027165951
aviti,4.826705683855656
avito,5.349621381597724
avoca,4.628548210545104
avoco,4.419612985037272
avola,4.724499392258584
avole,5.249859617589045
avoli,5.380057625996683
avolo,4.5127842540468555
avori,5.519936346295103
avrai,4.895356371806157
avrei,5.484548465692851
avuta,4.346605916069575
avute,4.888443529559974
avuti,5.04162712318653
avuto,4.88324645471507
avvia,3.882028855320682
avvii,3.88534385149107
avvio,4.398034023211856
axone,4.751066955551531
axoni,4.880971417530639
azera,4.658776211393843
azere,4.49616016291643
azeri,5.310355357116712
azero,5.173905733549959
azide,4.878000708860252
azidi,4.347006317489445
azima,4.42665056775825
azime,4.95499495731901
azimi,4.4254224359053
azimo,4.951082872730485
azina,4.596271637590214
azine,5.126704626595272
azoni,5.15394297286369
azota,4.518347740345621
azoti,5.176773414510188
azoto,4.307541642179677
azuki,3.9965019431165394
babao,4.019664344054136
babau,3.400100113890555
babbi,3.71845403383947
babbo,3.543908582892617
bacai,4.864893314075634
bacca,3.878554168982083
bacco,4.453061190571496
bachi,4.59092064983402
bacia,4.877146829275537
bacie,5.451501295264946
bacii,4.931783670967735
bacio,5.423317316929379
badai,4.665076989176125
badge,4.719924784470033
badgi,4.870946920744176
badia,4.669784072168077
badie,5.245321929394877
baele,4.826729051583648
baeli,5.6604243390085305
baffi,4.137980038508446
baffo,3.9670106071010087
bagel,4.670051342675191
bagli,5.217265597164406
bagna,4.42078273250617
bagne,5.013619252325384
bagni,5.168211062905903
bagno,4.996667114675294
baiai,4.6294475663277685
baili,5.140158251514337
bailo,5.6330037618197135
baino,5.5778009369195125
baita,5.067843916693039
baite,5.6313934582092235
bakka,2.958267063923024
bakke,3.54868395801555
bakki,3.706767497240591
bakko,3.5310849012185748
balba,3.8967278901702747
balbe,4.4882889679345945
balbi,4.647059651523009
balbo,4.473973576971042
balco,5.232592313265132
balda,4.470207401376217
balde,5.062995609413247
baldi,5.218592630910574
baldo,5.048821523232748
balia,5.007195433459466
balie,5.583517500488899
balii,5.064304317169569
balio,5.557450624098557
balla,4.016735006972138
balle,4.611420067860698
balli,4.768724990278905
ballo,4.595059065923019
balma,4.531474120866718
balme,5.121326421595776
balsa,4.781181272785223
balse,5.371064546996339
balta,4.734247763733198
balte,5.328972825740707
balti,5.482798818869011
balto,5.3141019721683085
balza,4.140686935471122
balze,4.734889443229204
balzi,4.891286843674434
balzo,4.720149457279883
bamba,3.6357164161011464
bambe,4.222463232925814
bambi,4.3824065699296755
bambo,4.20887001907026
bambu,3.5615673827665475
banaa,3.8904757708811837
banae,4.86623755356935
banai,4.963804691561419
banao,4.8465963769316645
banca,4.616161372520509
banco,5.193184350796284
banda,4.42763275611516
bande,5.0218341845592525
bandi,5.1756921256043364
bando,5.006075642463016
bangi,5.161285848476973
banjo,4.3651714561114705
banna,3.9490033103266824
banni,4.703165888018129
banno,4.526784018256558
bantu,4.629297406427489
barai,5.164635927510697
barba,4.064497144480806
barbe,4.658451601181845
barbi,4.811625572117875
barbo,4.645262309245719
barca,4.829464703546907
barco,5.41080146214185
barda,4.645772732016787
barde,5.240616186026064
bardi,5.388724628818901
bardo,5.227016978826491
baria,5.177179041536458
barie,5.759147919743833
barii,5.234044915290254
bario,5.730236784880051
barra,4.2127164803975985
barre,4.806893481514179
barri,4.959289478088558
barro,4.793400354530182
basai,5.009707431929961
basca,4.6705867990985634
basco,5.24788970302503
basii,5.083182934455532
bassa,4.073837499199671
basse,4.663238578271906
bassi,4.817711946629198
basso,4.649226314108905
basta,4.751425305689209
baste,5.3447339712156845
basti,5.495250978585802
basto,5.330648443992615
batta,3.9998604078417865
batte,4.5955449948616
batti,4.7508484457168985
batto,4.578957326667236
batua,4.444585890035063
baula,4.587118038657765
baule,5.14931926950429
bauli,5.326170675532899
baulo,5.1337024598118255
bauta,4.567910289613603
baute,5.133860989946949
bazar,3.886000922410574
bazza,3.2366290341451305
bazze,3.82887407680308
beaci,5.559803805681028
beala,5.004609917875524
beale,4.790566998587594
beali,5.668423420224234
bealo,5.510803346014023
beami,5.443602287922914
beane,4.740303911790824
beano,5.461150344513004
beare,4.933971938289893
beata,4.98620593398159
beate,4.766966951032803
beati,5.6509143782698965
beato,5.492984327155246
beava,4.560352261461937
beavi,5.221734610980887
beavo,5.0650918537214755
bebop,3.636308899193214
becca,4.472186173046283
becco,4.3643084892848885
beffa,3.9829645419737565
beffe,3.0802315582828235
beffi,3.9855232308480293
beffo,3.8766075619325076
begai,5.147902993491955
beggi,4.225739833720774
beghe,3.3934571833730334
beghi,4.291644068854613
begia,5.272102823409195
begli,5.068734326808111
beige,4.476233147268373
beigi,4.682476610208223
beino,5.469647510366341
beisa,5.645882607400896
beise,4.804584819068834
belai,5.437792537452359
belga,5.06265813205182
belgi,5.056075874097504
belii,4.916544859345254
belio,5.4648704504518495
bella,4.6193144697862385
belle,3.715426216066635
belli,4.619010111475895
bello,4.510818274563621
belta,5.335759005676848
belva,4.92626962456818
belve,4.019729942659828
benai,5.405760854393828
benda,5.02539637166946
bende,4.122276937218448
bendi,5.0224798204575425
bendo,4.916767392169781
benna,4.550268034512431
benne,3.643642402347725
beola,5.5226449735862
beole,4.706200971794441
beona,5.4754275577036875
beone,4.663354572603011
beoni,5.504642820314375
beota,5.500427913695869
beote,4.680953694197933
beoti,5.530939666338701
berci,5.4226931507496685
berla,5.4963595356672
berle,4.592053757466758
berli,5.490046976082294
berlo,5.389200831634835
berma,5.302802742246174
berme,4.397997977384084
bermi,5.300802666518193
berne,4.566020410797082
bersi,5.541425356038861
berta,5.5013715421410785
berte,4.592365175125152
berti,5.498881288984447
bervi,5.077279410191049
besce,4.362413691708017
besci,5.262497814718662
bessa,4.664036675536882
besse,3.7602890482207276
bessi,4.663742966661404
besso,4.558439023657982
betta,4.593691827764434
bette,3.6864610128372948
beuta,5.14482318157664
beute,4.255166580385007
bevei,4.311995419824398
bevve,3.1104864408986215
bevvi,4.013924076276002
bezzi,3.8279685905037577
bezzo,3.7202868765783994
biada,4.791904645084134
biade,5.335129310150266
biadi,4.764140352907824
biado,5.322937364000387
biava,4.636278131408212
biave,5.179015913780942
biavi,4.611313619666403
biavo,5.167964000206075
bibbi,2.9035373144992853
biche,4.399265104164386
bidet,4.5592770829732325
bieca,5.480375090036925
bieco,5.38528937254113
bieta,5.56688918764122
biete,4.772221782798506
biffa,4.058133894886491
biffe,3.949802160337053
biffi,3.321339760738793
biffo,3.9473828205754105
bighe,4.256078600652121
bighi,3.630564661460932
bigia,4.747275266650085
bigie,4.652683089305568
bigio,4.643007474666297
bigne,4.9815528430580684
bilia,5.038843785612387
bilie,4.944755523500879
bimba,4.306973518396554
bimbe,4.198147896636569
bimbi,3.57035297827439
bimbo,4.196142872783904
binai,4.795179054021408
binda,5.0968603234511205
binde,4.9873215949030785
bindi,4.354301026109376
binga,5.075939986120154
binge,4.967981741241599
bingo,4.964328987034128
biodi,4.639774567615347
biodo,4.478155203461268
bioma,5.382888701779688
biomi,4.710364755916431
biosi,4.954034201415006
biova,5.16578919068754
biove,5.084101355698791
birba,4.7429360130932645
birbe,4.638422229983398
birbi,4.004797404232536
birbo,4.635288047116889
birce,5.402567338826339
birci,4.770138061036013
birra,4.889775390454576
birre,4.783718386220815
birri,4.151398159370192
birro,4.7810988609102125
bisca,5.336412363117998
bisce,5.230048064630906
bissa,4.739935411549128
bissi,4.002037820266272
bisso,4.628100896502059
bista,5.417084365627545
biste,5.31262537508905
bisti,4.681681094220484
bitta,4.66763683541214
bitte,4.562016517643698
bitti,3.9319256950075587
bitto,4.55994575808741
biuta,5.226301558427408
biute,5.110599920744558
biuti,4.503067027158847
biuto,5.106709591126165
bivio,4.453138159987433
bizza,3.8991568274621473
bizze,3.7941438383604384
blesa,5.196427280154417
blese,4.3517729099572175
blesi,5.1964210568900855
bleso,5.0980761204702025
blini,4.51655676349696
blitz,4.104057001800042
blumi,4.576583765078048
blumo,4.458351158411168
blusa,4.826523648595282
bluse,4.699569746494121
boari,5.797608766422481
boaro,4.883575134697675
boati,5.645647028285466
boato,4.725272791175754
bobba,3.5601330685486023
bobbi,3.5741329083359425
bobbo,2.6238010531168507
bocca,4.46624098896705
bocce,4.382145624588389
bocci,4.477208755809898
bocco,3.5319505361848345
bocia,5.407544729569729
boema,5.273143138488954
boeme,4.518183718055401
boemi,5.304891764503793
boemo,4.40949133500471
boera,5.639489939365286
boere,4.880930970403933
boeri,5.6626251362723234
boero,4.774917673139456
boghe,4.204987311199151
boide,5.244467477462502
boidi,4.6969830293091315
boite,5.5238909687391455
boldi,5.0655157535786
boldo,4.118711535736539
bolge,4.956165817859893
bolla,4.604314804590523
bolle,4.519912291988368
bolli,4.6174894409965495
bollo,3.6642266871317544
bolsa,5.365786256387768
bolse,5.281887485236247
bolsi,5.375197008151197
bolso,4.430657527785565
bomba,4.226898854510587
bombe,4.138456710950265
bombi,4.2404943541896
bombo,3.291348739817194
bongo,4.060574762250809
bonne,4.450573527994438
bonta,5.291130333340641
bonza,4.693216974792473
bonze,4.604502214398603
bonzi,4.705826692059774
bonzo,3.7498321961731764
borda,5.240702121860605
borde,5.154391321102812
bordi,5.244432540893522
bordo,4.301244271914928
borea,5.604026168233163
borei,5.632217248576815
borgo,4.2805915274982995
boria,5.712851006434023
borie,5.6567549155467685
borii,5.092823069778745
borio,4.8454883849106825
borni,5.471022376152838
borra,4.8009985974137175
borre,4.713168128114683
borri,4.808033092916649
borro,3.855726375961391
borsa,5.54627808083739
borse,5.460125576355418
bosco,4.330718813605685
bossi,4.6827177526025245
bosso,3.7331418364183455
botri,5.444003231493443
botro,4.501323294347224
botta,4.592500588364672
botte,4.508575233970275
botti,4.608034336045012
botto,3.658662903949944
boule,5.058696246198984
boxai,4.50506054752912
bozza,3.825611882287043
bozze,3.740866031760328
bozzi,3.836512615952632
bozzo,2.888462991792677
braca,4.732520829425571
brace,5.291114104314651
braci,5.423299796443914
braco,5.292405188964164
brada,4.54852601821418
brade,5.107506291282407
bradi,5.237049503336151
brado,5.108144762637842
braga,4.538090023822023
brago,5.095805009190334
braii,5.100578713502079
brama,4.604338740375119
brame,5.16060157351749
brami,5.2960144016561514
bramo,5.164553179969183
brani,5.45678644781288
brano,5.3234230559224365
brasa,4.835715878207719
brasi,5.524807643641304
braso,5.399047552734553
brava,4.3849341645982145
brave,4.941673759431926
bravi,5.075479363659588
bravo,4.942717003181117
bremi,5.147927783952251
bremo,5.052650790980043
breva,4.942898925266732
breve,4.090027926368748
brevi,4.933623565877706
brice,5.280797949825323
brici,4.694579380057065
brida,5.207050690861349
bride,5.092075731789634
briga,5.199169470076525
brige,5.081007115586694
brigi,4.493793944264213
brigo,5.0891017685896305
brina,5.4317614273555535
brine,5.314648521462394
brini,4.724700436490377
brino,5.320399682640537
broda,5.125689254915917
brode,5.035257671216194
brodi,5.125242117174412
brodo,4.242261581071376
broge,5.0216810586855045
brogi,5.1156612940930275
broli,5.375996696199168
brolo,4.490671966968693
bromi,5.1844894835585125
bromo,4.294492935831071
brova,4.969225490045236
brovi,4.973618723216879
brovo,4.086837442126813
bruca,4.9125869308413765
bruci,4.9048848089714046
bruco,4.794481568354437
brugi,4.702658510431681
brugo,4.593855980412556
bruii,4.583381967550422
bruma,4.779960598353679
brume,4.653602187676367
bruna,4.952701908242488
brune,4.827598087334931
bruni,4.942444573412808
bruno,4.831296769806609
bruta,4.984738964295268
brute,4.863241688912312
bruti,4.979382415805582
bruto,4.86759007128329
bruzi,4.385153579713495
bubai,4.162785746475265
bucai,4.891469165069887
bucce,3.8843160436314284
bucci,4.004051611641042
buche,3.85459672206089
buchi,3.976588699868024
bucio,4.901810729896558
budda,3.731127846273773
buddi,3.7274851617756863
bufai,4.558885975250426
buffa,3.5214955381981676
buffe,3.3954914003164345
buffi,3.5193721496020616
buffo,3.4004570934438516
bugia,4.866380046175347
bugie,4.752884006548831
bugio,4.74770722192284
bugli,4.602319112900712
bugna,4.556220966524274
bugne,4.433195737420524
bugni,4.551094018988662
bugno,4.435641413798145
buina,5.1650359728752635
buine,5.041565342484482
bulai,5.021350153904115
bulbi,4.024397380284681
bulbo,3.9088817979513584
bulla,4.153093163562753
bulle,4.026992110687849
bulli,4.148542993515362
bullo,4.027858166650716
bumba,3.7670537437858957
bumbe,3.6403825360727518
buona,5.066674940633662
buone,4.968781128586094
buoni,5.0794422603467595
buono,4.180698284068751
burba,4.2022680789071725
burbe,4.077241258448837
burga,4.760973817603798
burka,4.210005584080415
burla,5.030558378731515
burle,4.906552815708183
burli,5.019118601543969
burlo,4.910741424229063
burqa,4.148229395630365
burri,4.335935513332645
burro,4.224274512926389
busaa,4.40841782965247
busae,4.9478085004237045
busai,5.040299064614442
busao,4.942572893873697
busca,4.800769676460247
busco,4.682751213769412
bushi,4.152650640084275
bussa,4.206893035132847
busse,4.082613006748792
bussi,4.203782673690843
busso,4.084484511639753
busta,4.881635112544866
buste,4.7635353941276275
busti,4.881272227185039
busto,4.764861626729233
butta,4.125672720376044
butte,4.004700074487673
butti,4.128694113342231
butto,4.008619199700835
buzza,3.365116288405772
buzze,3.2409315255722615
buzzi,3.3595950063806717
buzzo,3.2424345950060163
bwaka,2.9218352629429054
bwana,3.7372661768388467
caaba,3.890213517303155
cabla,4.633372011249075
cabli,5.381072706692076
cablo,5.2056912594794795
cabra,4.779938455631406
cabri,5.519188085280446
cabro,5.351318544613512
cacai,4.465056580019167
cacao,4.348504014336676
cacca,3.327944117986321
cacce,3.9242385264350785
cacci,4.076928868508443
cache,4.034441601042245
cachi,4.18817786886118
cacia,4.472243967217672
cacio,5.020161551791019
cacti,4.950205212092232
cacto,4.779037712363528
cadde,4.4352530575758875
caddi,4.589660663502893
cadmi,5.186254651090372
caffa,3.634442368097658
caffe,4.2236642815313346
caffi,4.3809660669450965
caffo,4.206918720604666
cafra,4.685262656625266
cafre,5.273453745835301
cafri,5.4247517492005635
cafro,5.257059254650256
cagai,4.941848009370073
caghi,4.659889339980932
cagli,5.445633956135316
cagna,4.645689202714371
cagne,5.241138569119995
caiba,4.967869305189007
caibe,5.528973960042158
caina,5.271754695420429
caine,5.83939419941611
caini,5.331056025886726
caino,5.816137945040784
calai,5.237784359434848
calao,5.120222498637991
calca,4.231643559908327
calce,4.830648721594348
calci,4.984801071532299
calco,4.810543702697308
calda,4.711282318227426
calde,5.307278431718326
caldi,5.463709551291839
caldo,5.288911971178643
calia,5.248072573524531
calie,5.8290505496585485
calla,4.254460794959199
calle,4.850130755394962
calli,5.010238198244478
callo,4.831320370441085
calma,4.768821918202721
calme,5.361462539167166
calmi,5.523117172168587
calmo,5.341580533374784
calse,5.612113037427723
calta,4.965461819014719
calte,5.561310371336126
calva,4.56024014885961
calve,5.156034648007971
calvi,5.313545969729697
calvo,5.135222722568167
calza,4.377131099834526
calze,4.97362242867261
calzi,5.132190104767535
calzo,4.954735885731067
cambi,5.120674031144736
camei,5.593974962115091
cameo,5.412252789981751
camma,3.9415269515151277
camme,4.531070757026118
campa,4.46485306250316
campi,5.212422153998011
campo,5.035510660544321
canai,5.213332297439614
canea,5.100615531585225
canee,4.968518043341478
canga,4.645665390664598
cange,5.242911708515525
cangi,5.395259444502992
canna,4.193625931974841
canne,4.789945322467815
canni,4.948496779647203
canno,4.76746051978461
canoa,4.944246077830915
canoe,5.494808394263016
cansa,4.978113468420806
cansi,5.725768829917784
canso,5.550622576589965
canta,4.9370637828416575
canti,5.690519556487639
canto,5.514292661415651
capai,4.954986190564005
capii,5.018557264975513
cappa,3.862376315234814
cappe,4.454535434063123
cappi,4.610825013339144
cappo,4.435444482589844
capra,4.860531115765973
capre,5.452198573674225
capri,5.601182836941108
capro,5.433397993853913
capta,4.682168356461538
capti,5.430368325622038
capto,5.254871549727228
carca,4.40771201702398
carco,4.988107702160536
carda,4.88789762512686
carde,5.4825297883425
cardi,5.631262289256439
cardo,5.465870423280474
cargo,5.440432750958214
caria,5.420892803237246
carie,6.003899580747038
cario,5.970538275384395
carme,5.539710166291681
carmi,5.6938719750102225
carna,5.114922134038989
carne,5.7121713730412065
carni,5.863368846102815
carno,5.69017164249969
carpa,4.894123056664955
carpe,5.48882216710361
carpi,5.639078687645448
carpo,5.471660331373144
carri,5.206573624088737
carro,5.036525172010248
carsi,5.9291453559939145
carso,5.7680928318649825
carta,5.1417681777719775
carte,5.735343319536935
carvi,5.477679414638068
casba,4.656259572526723
casbe,5.249516763621476
casca,4.242569326188544
casci,4.990640447553195
casco,4.8218272770311446
casei,5.854669925766586
caseo,5.678919249556902
caspa,4.743017540666357
caspe,5.338594428206344
caspi,5.4882428741547145
cassa,4.30311000731503
casse,4.897140190601756
cassi,5.049253579311687
casso,4.878721968066075
casta,4.980099550921894
caste,5.577213659902582
casti,5.725980884364497
casto,5.559027077561993
catta,4.231625890143146
catte,4.828757612844045
catti,4.984326034823529
catto,4.809041860183711
caule,5.390619097719585
cauli,5.568796899105914
cauri,5.7082941806135645
causa,4.852424328192922
cause,5.417472369946553
causi,5.589119171038392
causo,5.400908000838696
cauta,4.8037472605055385
caute,5.370442105699308
cauti,5.544881075184483
cauto,5.3519133794588845
cavai,4.764278991800351
cavea,4.653236562702912
cavee,4.517268062787309
cavia,4.770215440691976
cavie,5.348339744756185
cazza,3.4745519313366895
cazze,4.069031562283249
cazzi,4.223319005630785
cazzo,4.049161646972095
cecai,4.906700979678979
cecca,3.9306689163743735
ceche,3.1412071143544433
cechi,4.036025664984713
cecio,4.931351352058986
cedei,4.696470235281618
cedra,5.404074415889729
cedri,5.3952304788898875
cedro,5.297103852089019
cedua,4.97069784117116
cedue,4.088502504776519
cedui,4.976538705286024
ceduo,4.855534702279859
ceffa,4.229358025482854
ceffi,4.23231598218571
ceffo,4.123253489014402
ceiba,5.509147079252809
ceibe,4.669580138257864
celai,5.686268179512993
celia,5.810507786459204
celie,4.978246793766015
celio,5.714372177100725
cella,4.863969279476173
celle,3.962539512672159
celli,4.863968834615858
cello,4.7562155300146705
celta,5.569748918424112
celte,4.667468907413815
celti,5.566891520610958
celto,5.462832245452206
celzi,4.981226188165139
cenai,5.661188530469223
cenci,4.806239895462006
cenge,4.349105073230004
cengi,5.247947767249866
cenna,4.800608946443198
cenni,4.801469602527513
cenno,4.6909492814807425
censi,5.581078359882322
censo,5.47638601664738
cento,5.436059577723509
ceppa,4.461106336616335
ceppe,3.5610505900695895
ceppi,4.460881106023637
ceppo,4.353293412145117
cerai,5.854836061306509
cerca,5.006746335151613
cerci,5.000522524567505
cerco,4.899604806531279
cerea,5.204917915425052
ceree,4.024438823586013
cerei,5.203001203962611
cereo,5.1049222811021675
cerii,5.329704856434117
cerio,5.881213690399304
cerna,5.716814601747051
cerne,4.813626527302721
cerni,5.713501714194549
cerno,5.608023114843567
cerri,5.055537942313425
cerro,4.950497175833731
certa,5.736806906801744
certe,4.830441072515447
certi,5.732642432603823
certo,5.629648471823464
cerva,5.333761203123277
cerve,4.431446309427879
cervi,5.325747486069099
cervo,5.22446209219489
cesia,5.827865404819181
cesie,4.994814880042078
cesio,5.735146040816406
cespi,5.34029781327205
cespo,5.2360648232086655
cessa,4.899479710818501
cesse,3.9977706139846156
cessi,4.898328326873774
cesso,4.7944393872527
cesta,5.577817612398399
ceste,4.677987757233991
cesti,5.579044208428235
cesto,5.477646995399967
cetra,5.681516918341319
cetre,4.78037985626099
chela,4.719629192522902
chele,3.8759252787356453
cheli,4.718772100045788
cheta,4.695520414019193
chete,3.8524901147850406
cheti,4.696291410864637
cheto,4.598999558781797
chile,4.717182138949354
chili,4.1357869418109
chilo,4.723304577230536
chimi,3.914648408220716
chimo,4.50254196318498
china,4.788519658460245
chine,4.671481598588848
chini,4.091573932798421
chino,4.677434024692539
chita,4.810547554066145
chiti,4.113328800682825
chito,4.699421154309659
cholo,3.856050304454123
chope,4.374753746426174
ciaba,4.9684248910804145
ciabi,4.939924964389821
ciabo,5.498878873323481
ciana,5.281968903407292
ciane,5.823954777881205
ciani,5.25330969291466
ciano,5.810221903553094
ciati,5.272604495933311
ciato,5.829913130193559
ciazi,4.670780840775762
cibai,4.711459247241285
cicca,4.000641632828292
cicce,3.8948761771341904
cicci,3.264128162305244
cicco,3.8909072459747063
ciche,4.002484933668405
cicli,4.1612538249057565
ciclo,4.787130485872579
cidia,4.934101567196294
cidie,4.838336706954673
cidio,4.830634934863902
cieca,5.06408028092088
cieco,4.971626761351622
cieli,5.146250451860461
cielo,5.735653492061993
ciesa,5.843478512247375
ciese,5.052663033632149
cifra,5.345458287019986
cifre,5.239540037902209
cifri,4.60747474813928
cifro,5.233619348277735
cigli,4.6312249001806345
cigna,5.318055780852001
cigne,5.212205277814699
cigni,4.582335668907627
cigno,5.209221899283573
cimai,4.836693046771217
cimba,5.049781825991039
cimbe,4.9426293953202505
cince,4.769988841757997
cinga,5.311476733314157
cinge,5.205318493015998
cingi,4.573320749088806
cingo,5.200059773519883
cinse,5.545458702995868
cinsi,4.9102005181933785
cinta,5.613164675687901
cinte,5.507991307238804
cinti,4.874349153053314
cinto,5.501965758857878
cinzi,4.27953749660546
cioce,5.003967880927596
ciofi,4.714466636275242
ciofo,4.550616155444455
cippi,3.7963032300140815
cippo,4.422780681740326
cipri,4.784898844448326
circa,5.086231361505599
circe,4.981700223002071
circi,4.346361951767149
circo,4.976646408372575
cirri,4.400584898492507
cirro,5.029575348027854
cisio,5.199897438122099
cispa,5.411600966518287
cispe,5.3051898750455235
cista,5.648784523515516
ciste,5.546666543494517
cisti,4.915658757790447
cisto,5.54206118916675
citai,5.0198091994665015
citta,4.904295894974337
citte,4.799694879406314
citti,4.170289031249811
citto,4.796045244378967
ciuca,4.726006769521384
ciuco,4.605867602300303
ciula,5.488361695039687
ciuli,4.765631442725325
ciulo,5.364853085401662
clade,5.1561601661166465
cladi,5.289331532901101
clama,4.653918174147555
clami,5.347224069265866
clamo,5.206698061416175
clava,4.439639911337281
clave,4.996003206828935
clavi,5.131000374657758
clavo,4.991546197278906
cleri,5.523527911145266
clero,5.4292295248736435
clima,5.30970857513529
climi,4.606892979115835
cline,5.344492906816412
clini,4.761406487455473
clino,5.3492824175545115
clivi,4.399515530482095
clivo,4.985919143538123
clona,5.381652170928769
clone,5.287060473922958
cloni,5.389995429325707
clono,4.496017731399916
clora,5.556552387041089
clori,5.558819480388969
cloro,4.669879461911483
clown,3.790940768748687
cloze,4.737971892027468
clune,4.8616175462504385
cluni,4.987475830340977
cnidi,4.469435500849363
coala,5.239180597940454
coana,5.195612196295834
coane,5.71184990357756
coati,5.873768857830557
cobea,5.3083502029773095
cobee,4.549970579154777
cobla,5.223025356172148
coble,5.136785058036805
cobra,5.3640678666861925
cocca,3.9206643452645435
cocce,3.8369108492413306
cocci,3.9326359038665695
cocco,2.98456720532988
coche,3.946910616536501
codia,5.43990609095831
codio,4.576992484161919
coesa,5.76155345183899
coese,5.007487000538176
coesi,5.78961049322961
coeso,4.902181929937006
coeva,5.305048762384765
coeve,4.549575247722615
coevi,5.335158446152974
coevo,4.442900463749524
coffa,4.222708924101002
coffe,4.133631341593159
cofta,5.096553100877338
cofte,5.0090865055002896
cofti,5.109267688300904
cofto,4.160995330927973
cogli,5.2962647763731825
cogni,5.246876260952322
cogno,4.299718965756307
coiai,5.290275782067675
coipi,4.958121420504938
coipo,4.709188427035594
coire,5.923871549380275
coita,5.827080306807197
coite,5.755798577849178
coiti,5.2090658048443315
coito,4.96104717422678
coiva,5.415786272010671
coivi,4.796743756498029
coivo,4.550288618306007
colai,5.664064953596773
colca,4.8186110752144
colco,3.8801789473801356
colei,5.701578273938846
colga,5.270566728405113
colgo,4.33265892581356
colia,5.776723633115473
colie,5.721286752717436
colla,4.842710916372994
colle,4.757967144292096
colli,4.856217920795358
collo,3.9006024711956506
colma,5.353536818793996
colme,5.271079173817816
colmi,5.369045060286906
colmo,4.415341474004214
colon,4.184710930688889
colpa,5.306313306963863
colpe,5.220867026354799
colpi,5.318813587420597
colpo,4.369009056976365
colse,5.519532373235525
colsi,5.611472425734595
colta,5.548892312667846
colte,5.466199118340087
colti,5.560318809601567
colto,4.611204233473171
colui,5.309545294588907
colza,4.961516539526013
colze,4.877240890754183
comba,4.965484590630522
combe,4.880450637266704
combo,4.029747312542818
comma,4.532007765471999
commi,4.547537715469817
commo,3.5962587408527664
compi,5.068135613756915
conca,4.791496121737247
conce,4.704141632626371
conci,4.804362260740859
conga,5.23092836283863
congi,5.241397989601875
conia,5.749348327684993
conie,5.693469708173203
conio,4.88126940331984
conne,4.695018488327423
conni,4.79731164579275
conno,3.842359194521327
consa,5.567532128519864
conso,4.627556427182108
conta,5.529297207467524
conte,5.440944605307711
conti,5.540094458637144
conto,4.587196096006955
cooba,4.68359192861351
coobi,4.701162435197844
coobo,3.4507093169745593
copia,5.497238496548829
copie,5.441087317224591
copio,4.631549569838441
coppa,4.452365771603432
coppe,4.365395893671783
coppi,4.464266894412242
coppo,3.5157358951862574
copra,5.446607336039351
copre,5.360297512066545
copri,5.452524028417782
copro,4.509941646972594
copta,5.270868634538378
copte,5.184269654316934
copti,5.28120200658928
copto,4.333699825679078
coque,4.290798240356415
corai,5.8377845236462855
corba,5.4052807147029185
corbe,5.319624144535626
corca,4.997090773568413
corco,4.052740422887959
corda,5.477017037723347
corde,5.3905705031143745
corea,5.84530887724126
coree,5.085422255595792
corei,5.873000561782577
coreo,4.972130058743211
corio,5.080967819937569
cormi,5.543852371428337
cormo,4.5926672870550185
corna,5.702358845240099
corni,5.708263407704033
corno,4.757524893943647
corpi,5.488729415475307
corpo,4.5406601932041895
corra,5.045899162642758
corre,4.960035900372186
corri,5.054247939431525
corro,4.10075395652607
corsa,5.78083501038214
corse,5.694681042211285
corsi,5.779261534693747
corso,4.839473803947457
corta,5.728667681108885
corte,5.642263929983572
corti,5.733990620588603
corto,4.785066287327552
corvi,5.32854916602409
corvo,4.379784839632612
cosai,5.6930230673884585
cosca,4.840505662190882
cosce,4.757834505003888
cosci,4.8501712800534715
cosfi,5.165229185902511
cosmi,5.40013833273452
cosmo,4.450128894367387
cosse,4.815133796691241
cossi,4.910401107810933
cosso,3.9618121807592646
costa,5.578695911022207
coste,5.4961777896352455
costi,5.5874890188360595
costo,4.641833008143527
cotta,4.824984782098842
cotte,4.739841547334074
cotti,4.83756347101403
cotto,3.888363346639759
cousi,5.4356523713524885
couso,4.503397632297256
covai,5.1935732231992
covid,4.53133319740621
cozza,4.063513562432282
cozze,3.978363443064033
cozzi,4.0752889224388635
cozzo,3.126604996652643
crace,4.880047867052175
craci,5.0075239709570925
crani,5.701121853110794
crapa,4.806627573004122
crape,5.364764629723941
crasi,5.765190031133553
creai,5.720161975593476
creda,5.349700100881171
crede,4.501253740195125
credi,5.338711812695194
credo,5.250573478477056
crema,5.398859545552261
creme,4.551709443251919
cremi,5.394331254033236
cremo,5.2991899685139785
crena,5.569882465173244
crene,4.7218506919785295
creni,5.565236941674829
creno,5.467561161373742
crepa,5.357170545749175
crepe,4.509785266263489
crepi,5.351974958985206
crepo,5.259457340763539
cresi,5.6229971915255135
creso,5.535617279067132
creta,5.599865216492936
crete,4.750250870276048
crime,5.400719568995475
crimi,4.811227326100026
crina,5.677335328903279
crine,5.561922715509058
crini,4.971442614417533
crino,5.56597788141443
crisi,5.042440577666287
croce,4.805003875323865
croci,4.899670140767783
croco,4.012344899313038
croda,5.36961407522765
crode,5.27957815261082
croia,5.85869102989776
croie,5.790058337868915
croio,5.043321484032167
croma,5.420490448635244
crome,5.3317770019040465
cromi,5.429703925272944
cromo,4.53899562607589
crono,4.708127493591845
cruci,4.492340864175277
cruda,4.972249683086542
crude,4.847750303741638
crudi,4.96191843758662
crudo,4.854968666292557
cruna,5.2024126176573695
crune,5.078006029468293
ctoni,5.354533725304467
cubai,4.904667942629216
cubia,5.033131892103912
cubie,4.920864203169424
cucca,3.4663493191358907
cucce,3.342029444023732
cucci,3.4631623855030376
cucco,3.3449816720250367
cucia,4.6160350618489705
cucii,3.9268106657210042
cucio,4.499141888068325
cueva,4.8962337104316545
cugna,4.786506697964833
cugne,4.66265797539765
culai,5.267856205651138
culla,4.395986597559758
culle,4.26877065147476
culli,4.390487340205195
cullo,4.270036352051527
culmi,4.902571301625466
culmo,4.782838911648634
culpa,4.854258942903637
culta,5.099582524359796
culte,4.97582656671925
culti,5.095234257184413
culto,4.978282832751336
cunca,4.341423103459026
cunce,4.217014198222715
cunci,4.338334164153644
cunco,4.217119311251145
cunei,5.247363085405211
cuneo,5.12895780762576
cuoca,4.588677269947492
cuoce,4.4900881193953115
cuoci,4.6041067247123815
cuoco,3.703028448822891
cuoia,5.5386926128310305
cuoio,4.729442728151082
cuora,5.497577348140035
cuore,5.402847971955898
cuori,5.510464453476436
curai,5.443635584893584
curda,5.024886266399772
curde,4.900839532790173
curdi,5.014470166108403
curdo,4.906277777805264
curia,5.572729616344154
curie,5.463747229313574
curii,4.87800923458903
curio,5.454665361934521
curri,4.5919023629898845
curro,4.477654398299523
curry,3.1502482007939125
curva,4.871665762914277
curve,4.746577233347959
curvi,4.860927989780915
curvo,4.7458118612801865
cusco,4.258745222431789
cussi,4.436939665967643
cusso,4.3181003620255805
dacci,4.662896557749225
dache,4.471784013813937
dacia,4.911966345843935
dacie,5.486364253831879
dafne,4.886741777742699
dafni,5.039219291281957
daghe,4.328295244837009
dagli,5.247071624129022
daina,5.050126211004164
daine,5.617215122708105
daini,5.105700701459597
daino,5.597500203211404
dalai,5.032657438122785
dalia,5.0449386504719
dalie,5.621983388386419
dalla,4.049509225738446
dalle,4.645162903204619
dalli,4.801390763206242
dallo,4.627381438762547
damai,4.792265036680157
damma,3.742304893271192
damme,4.3324081369562535
dammi,4.487719565188016
dance,5.259155171780242
danda,3.9110955608809177
dande,4.507947010430295
dando,4.488138960313096
danna,3.9880461740378674
danne,4.585121349417423
danni,4.736926447707151
danno,4.56512303653973
dante,5.336234746888739
danti,5.483946069716991
danza,4.1449800157763965
danze,4.742069063741523
danzi,4.890261762631914
danzo,4.723123386044498
darai,5.20485946716063
darci,5.617028033444416
dardi,4.860963283758847
dardo,4.700821289980055
darei,5.80608067264492
darla,4.931549335719623
darle,5.524409999884022
darli,5.67033604951267
darlo,5.510211433926607
darmi,5.488696891577951
darne,5.509732186642179
darsi,5.728637908606041
darti,5.684631841000354
darvi,5.274615174684001
daspo,5.115687616525898
datai,4.979049493503762
datti,4.783425404588282
dauni,5.322706337107258
dazia,4.437407618581451
dazio,4.988500311103844
debba,4.175369621292811
debbi,4.180122630623118
debbo,4.070463127457295
deche,3.5753441326491884
deghi,4.324259557774042
degli,5.0979869396292266
degna,5.0531654736277005
degne,4.15289649644228
degni,5.045037758030371
degno,4.944111325706315
delia,5.602331033587588
delie,4.767680346328956
delio,5.506500311815898
della,4.6537762509551275
delle,3.7528041433460313
dello,4.547064984164249
delta,5.36891039869185
demmo,4.230907622274492
densa,5.37576644557685
dense,4.478068930944587
densi,5.369807694768961
denso,5.2716184381167634
denta,5.336472714835989
dente,4.433257897709066
denti,5.331157263481064
dento,5.230809091988654
derby,3.820362611086147
derma,5.343188920726428
dermi,5.339025553327201
derno,5.40027285734783
desco,5.198630989399364
desia,5.613552730518947
desii,4.967505058845892
desio,5.522768129538903
dessa,4.699156480030262
desse,3.799207973810295
dessi,4.699047109826929
desso,4.5978206158251735
desta,5.376251160533354
deste,4.474832707651425
desti,5.374380639356453
desto,5.27614975693113
detox,3.944729625253976
detta,4.627900859761542
dette,3.725212517006225
detti,4.630591718313885
detto,4.524210351543929
devia,5.1105636184298175
devie,4.278769604127632
devii,4.464271610723121
devio,5.0168254646548816
diade,4.806366026105111
diadi,4.226222938497471
diale,5.650158422556036
diali,5.075240133643856
diamo,5.419215919056239
diana,5.065185640606047
diane,5.607615514112936
diano,5.593511881030446
diapa,4.83416041238138
diape,5.376043619630712
diapi,4.799667452196561
diapo,5.363443627216433
diari,5.218628690370539
diate,5.635207699453712
diaza,4.491282992232322
diaze,5.032809041268664
diazi,4.453394629063015
diazo,5.021057654479569
dicai,4.7207274366978
dicci,3.830980889777159
dicco,4.464853284498057
diche,4.429813682972445
dichi,3.7991008370278485
dicta,5.287523068315252
dieci,4.824663887465217
diede,3.9750352534836657
diedi,4.074213144359123
diene,4.784005831950715
dieni,4.882399685110003
dieri,5.060644118409394
diesa,5.630652155007452
diesi,4.943319691950338
dieso,5.54138759179978
dieta,5.59565685866753
diete,4.801565015437588
dieti,4.903609298006038
dieto,5.502697963629964
dighe,4.282363268199158
digli,4.42154227866721
dildi,3.8720386455903717
dildo,4.50480123278382
dilla,4.721345245907786
dille,4.613261732930947
dilli,3.9794416295112853
dillo,4.609050626411905
dimmi,3.665115960802519
dimoi,4.48291224434084
dindi,3.825048782187377
dindo,4.461776202229871
dingo,4.999454136528823
dinka,4.5718512043402395
dinne,4.544115038805759
diodi,4.101274262588359
diodo,3.945376108400941
dioli,4.948758438706201
diolo,4.791638229055299
diosi,4.979200539664075
dipoi,4.4326762439060055
dirai,5.035284714399103
dirci,4.797920316651483
direi,5.050039627303509
dirla,5.5975079128118965
dirle,5.493885933565791
dirli,4.854203662940131
dirlo,5.489848184656085
dirmi,4.674630939330284
dirne,5.478851710120062
dirsi,4.911987684820906
dirti,4.8635652743088995
dirvi,4.458660283596273
disco,5.2633320545309275
disfa,5.011932503718081
disfi,4.2703971736436115
disfo,4.904213445382778
disia,5.079919128026127
disii,3.9502436418467077
disio,4.980633647636011
disse,4.661950025002495
dissi,4.026789702204133
dista,5.443222187067252
disti,4.701099363710987
disto,5.337415248991012
ditta,4.694559886261008
ditte,4.589490877756354
ditti,3.9533452480142057
diula,5.270802624941585
djaga,3.518602421727092
doagi,5.396165235885654
doari,5.835843417595168
dobla,5.018418868664827
doble,4.93343823866013
dobli,5.029869798864901
doblo,4.082916220116791
dobra,5.160283490124957
docce,4.421246949369241
docci,4.513871686288624
docmi,5.033742235294956
dogai,5.175074206549195
doghe,4.237903132758353
doghi,4.336413446422452
dogli,5.099121767398964
dogma,4.869994794228803
dogmi,4.88386794257108
dogre,5.15365484189551
dolai,5.459247676353398
dolca,5.27761784927841
dolce,5.196809125670296
dolci,5.289686754001659
dolco,4.342001634022982
dolga,5.080225873907083
dolgo,4.145449732687341
dolio,4.7073100971663635
dolse,5.323311498961305
dolsi,5.415066134844956
dolta,5.353779815906723
dolte,5.270881850204601
dolti,5.363291883556599
dolto,4.417934932131968
domai,5.223576931227797
domma,4.329123719060236
dommi,4.345522298138536
donai,5.427300413528139
donde,4.411171093831943
donna,4.576848915133758
donne,4.488153825935708
donni,4.585320110407405
donno,3.635768483611304
dopai,5.1770615585572015
doppi,4.26616239941995
dorai,5.630843929875709
doria,5.74483786592872
dorio,4.877259137413619
dorma,5.336686753330968
dorme,5.251241136612485
dormi,5.341337977479026
dormo,4.396251879322391
dorsi,5.583356634260935
dorso,4.64600308599439
dosai,5.485533250297796
dossi,4.717719372262594
dosso,3.768774599250755
dotai,5.407371568103693
dotta,4.625991604512559
dotte,4.542759602916691
dotti,4.6400326483909655
dotto,3.6926055760646364
doula,5.181315891176846
doule,5.089113905450765
dovei,5.018222789927654
draba,4.523607440202826
drabe,5.0809976753816715
draco,5.33493478192763
draga,4.580958905166805
drago,5.1366962111276315
drena,5.367137830519124
dreni,5.352492931858474
dreno,5.264181906283747
drive,4.9701833177736825
droga,5.152025832296916
drogo,4.271210283040929
droma,5.217720995295133
drome,5.128433072079273
dromi,5.22124498206137
dromo,4.335661526845524
drone,5.2953650967574495
droni,5.380286007809779
druda,4.204532989305997
drude,4.083713741065757
drudi,4.19320201278273
drudo,4.084537710559481
drupa,4.769999343471426
drupe,4.649493628500104
drusa,5.056806547869021
druse,4.936139318323565
drusi,5.046640168514446
druso,4.943573107084569
duagi,4.986628164301611
duale,5.130136434633618
duali,5.282583441721178
dubbi,3.710487504057391
ducai,4.924805038967955
ducea,4.9200192253049355
ducee,4.081255973542849
duchi,4.007138213348137
duina,5.180708755482681
duine,5.063683011068316
duini,4.489178454703218
duino,5.0658866221832675
dulia,5.1842832065609485
dulie,5.068985209412693
duole,5.0368958298912485
duoli,5.145897447745083
duolo,4.248763084922917
duomi,4.928796200936794
duomo,4.0304884799739655
dupla,4.628156885311292
duple,4.504319920069485
dupli,4.625761494211453
duplo,4.505365604929311
durai,5.227021721953654
durio,5.242009933389705
durra,4.382845321173201
durre,4.263064910796596
duvet,3.8788055726982353
dviii,3.4627042161362187
ebani,5.392526949714608
ebano,5.245283569228508
ebbio,4.399176996195188
ebbra,4.4203762742652275
ebbre,3.5782103791933673
ebbri,4.413218553087749
ebbro,4.319865904534077
ebeni,4.6056018429845595
ebeno,4.507589775425145
ebeta,4.63089451422621
ebete,3.5136685507293417
ebeti,4.62803801058369
ebeto,4.534747455624042
ebola,5.299864822977695
ebole,4.5362326413491
ebook,3.3359402877797444
ebrea,4.763194659883363
ebree,3.6587800592573703
ebrei,4.7602916163121956
ebreo,4.6670512807610685
ebuli,4.945099203457269
ebulo,4.83256615598178
echei,4.018372028636569
echeo,3.9185014668066063
echio,4.6774469873244495
ecidi,4.6612384391973505
edace,4.577254163676138
edaci,5.38738911925479
edema,4.487540377962248
edemi,4.485639034054698
edera,4.847518716695545
edere,3.72798384648401
edile,4.649364308198803
edili,4.79402310795419
edipi,4.5162027300971
edipo,5.067803435102076
edita,5.425827119002558
edite,4.6298925679649425
editi,4.775816082019321
edito,5.325131220483987
edona,5.3139736583901245
edone,4.557073240594852
edoni,5.331272824552009
edono,4.496639740546927
educa,4.893478240214075
educe,4.060586367377031
educi,4.899544543838462
educo,4.786908909730769
edule,4.1624870645580945
eduli,4.998528150296944
efebi,4.203800848403549
efebo,4.107443062991916
efesi,4.580987311761705
efori,5.367778749651701
eforo,4.5326470078352905
egena,4.64306199577065
egene,3.5265074472455993
egeni,4.641747346594956
egeno,4.5451677887226225
egida,5.130239486607651
egide,4.338190495614995
egira,5.559707791972285
egire,4.7668998935314955
egizi,4.156714985774129
ekiti,4.270981185720084
elafe,4.483069022431927
elafi,5.293667988626963
eleni,4.9070359911718295
eleva,4.534599448376254
elevi,4.528350987616254
elevo,4.4369051864738145
elica,5.6131712477142655
elice,4.817896327268813
elici,4.963869764720888
elida,5.420235444737592
elide,4.6246072678770584
elidi,4.768691236439288
elido,5.3193436971168655
eliea,5.145776291950267
eliee,4.1030159581347485
elima,5.4908179490815785
elime,4.695288341510853
elimi,4.840472413962178
elimo,5.390605836862933
elisa,5.734783275137542
elise,4.9416509840387794
elisi,5.087262673638041
eliso,5.636917560017272
elogi,5.339832092454321
eluda,4.979902024531653
elude,4.145756892789
eludi,4.981776193457713
eludo,4.869597886069337
eluii,4.837485980879437
elusa,5.290330293794994
eluse,4.457727367380757
elusi,5.2931737046365575
eluso,5.183269075407614
eluvi,4.831238360533365
emaci,5.457238920565515
email,5.171824481596422
emale,4.74053601134849
emali,5.550809797276326
emana,4.85896826540357
emani,5.517343506011719
emano,5.371561824683576
emeri,4.904124467718811
emero,4.817083752167307
emesi,4.795454456885451
emica,5.4160810008436355
emici,4.767221847068027
emico,5.316743517899366
emide,4.434953108251097
emidi,4.5770385927275665
emina,5.472995413999192
emine,4.681607886745479
emiri,5.005776135389284
emiro,5.55874890511303
emise,4.753459226677042
emisi,4.899368287667199
emoji,4.512332939689388
emoni,5.409319782414279
empia,5.174103070019153
empie,4.40154334679846
empii,4.535501493822358
empio,5.077822585470763
emula,5.063088905625336
emule,4.229742861690923
emuli,5.065330162476989
emulo,4.952269711044077
enema,4.6793562011713234
enemi,4.677703628484228
enfia,5.129709417304262
enfie,4.357768900640255
enfio,5.034247013596906
engri,5.20115152991532
ennea,4.139950193867413
ennee,3.03687371523767
ennei,4.142925627778686
enneo,4.0435253990964934
enoli,5.544820796210654
enolo,4.70493986982865
entra,5.446615258551501
entri,5.439495334198695
entro,5.347475424307351
enula,5.170340925465902
enule,4.3369424800422625
eolia,5.798776848862893
eolie,5.219484808823967
eolio,5.089327524991839
epica,5.3805463809357565
epici,4.731277184690737
epico,5.280783940000828
epoca,5.288217702847531
epodi,5.120521356664318
epodo,4.2828471573715845
epura,5.168473700045881
epuri,5.168580179277386
epuro,5.059625049496652
equai,4.48718782875753
erada,5.018309139014755
erade,4.862372264231705
eradi,5.667933817008865
erado,5.53509079450653
erano,5.746628407531272
erari,5.2387018028321135
erasa,5.304492435981888
erase,5.152714385460012
erasi,5.954704543601071
eraso,5.8236864841918825
erbai,5.383947071151701
erbio,5.416524765216001
erebi,4.812337687572237
erebo,4.725316886016589
ereda,4.897602692782315
erede,3.7752191442088763
eredi,4.882798093568686
eredo,4.800283346754489
eremi,4.940841731673231
eremo,4.853271092073144
ereta,5.1594668734308975
ereti,5.147606819169568
ereto,5.062508761629589
erica,5.822128523305401
eriga,5.617633196485042
erige,4.826258300504335
erigi,4.964936113444822
erigo,5.520114939822181
ernia,5.824731578871981
ernie,5.051707606179488
ernio,5.725760987930271
eroda,5.5474126629271
erode,4.7885540580901385
erodi,5.561793230862927
erodo,4.729845087108693
eroga,5.52872229577325
erogo,4.713704060720149
erosa,5.841279056812864
erose,5.083313116846678
erosi,5.85813429698484
eroso,5.026824496147273
errai,5.081755962283197
eruca,5.377837636798558
erula,5.434625732918681
erule,4.604484754335898
eruli,5.433333281890919
erulo,5.328012429865161
erzya,4.141222356905435
esala,5.0625390007315385
esali,5.720744805052821
esalo,5.578348647584941
esame,4.701442460054446
esami,5.510555007535254
esani,5.6830144323227705
esano,5.536870044304835
esche,3.680978354852779
eschi,4.512376067361565
esiga,5.3879737307173485
esige,4.597128497766406
esigi,4.745805921451207
esigo,5.291011344838728
esile,4.895113507617855
esili,5.042320225317529
esima,5.475991778583211
esime,4.684087643123742
esimi,4.830904837236372
esimo,5.379408682424729
esipi,4.77641795374102
esipo,5.323211762968912
esita,5.686667646775426
esiti,5.04345463588701
esito,5.589525700938314
esizi,4.425251435264567
esodi,5.334454487976585
esodo,4.4960736965065164
esone,4.7974837552942695
esoni,5.578448957620741
esora,5.727746476502361
esori,5.746868619466849
esoro,4.911869294413928
esosa,4.914071803579366
esose,4.156205186773512
esosi,4.938873566073991
esoso,4.097510233807915
espia,5.3490824534897365
espii,4.71699901371108
espio,5.255243202193352
essai,4.862743756230073
estia,5.582210449876618
estie,4.810247760655444
estii,4.948730235727112
estio,5.48870471767318
estri,5.494577786393458
estro,5.403900489923776
estua,5.095726695607419
estui,5.099831206222814
estuo,4.988241165869834
esula,5.234255458370058
esule,4.403719787384452
esuli,5.240071964506829
esulo,5.125812935592529
esuma,5.019179328993244
esumi,5.029204846119391
esumo,4.915888544589504
etani,5.665846933905573
etano,5.517261986058811
etate,4.228137539317462
etati,5.043633310689028
etene,3.7627565091610005
eteni,4.878181207485328
etera,5.060872621062366
etere,3.9421487358872818
eteri,5.048741982638595
etero,4.963672452208755
etesi,4.9255210483570275
ethos,3.9964080623691496
etica,5.553201920893108
etici,4.907557063234716
etico,5.455456639118097
etile,4.858186778509445
etili,5.005194669147962
etimi,4.795083595502293
etimo,5.345448831595963
etini,4.969471441494173
etino,5.516626402711067
etnea,4.826749128814811
etnee,3.723442694847657
etnei,4.83031552295167
etneo,4.729225770154145
etnia,5.581965676328009
etnie,4.8086823337592595
etola,5.55239476873698
etole,4.791862095280319
etoli,5.572954197671251
etolo,4.732048323864586
eutri,5.445757922681976
evada,4.4285436133046625
evade,4.272152095850119
evadi,5.084470270628507
evado,4.942211127438591
evasa,4.736800088700151
evase,4.582892723992685
evasi,5.395235114351253
evaso,5.252930386513371
evira,5.4674884712375755
eviri,4.817152236645935
eviro,5.369499558707276
evita,5.317761187297756
eviti,4.672961798936557
evito,5.2201651999694905
evoca,5.128237691422769
evoco,4.3119310242878734
extra,4.686897140994929
fabri,5.173621068283634
fabro,5.009276439405862
facce,4.365696637861552
facci,4.519443136087907
facto,5.074454263730476
faggi,4.274576244830067
fagli,5.11175403451132
faida,4.681810446889761
faide,5.243373005984177
faina,4.928838207798072
faine,5.4925524898692695
falba,4.294145158049074
falbe,4.885359175282247
falbi,5.045682038855687
falbo,4.870541499361085
falca,4.549109706459996
falce,5.141833611481676
falci,5.301992264607548
falco,5.126625954066037
falda,4.3644163687849575
falde,4.958103922819035
faldi,5.11258941908608
faldo,4.942997568754099
falla,3.908085248900309
falle,4.501337517362563
falli,4.660579521676923
fallo,4.48373638098059
falsa,4.675127879232047
false,5.2665129150773895
falsi,5.42190350998209
falso,5.24956387277799
famai,4.647983367316564
fammi,4.345241565168452
fanga,4.316322729765066
fango,4.889788999856211
fanne,4.443242397252178
fanno,4.424781242846485
fante,5.198472774085796
fanti,5.353898087698875
farad,4.240085372155441
farai,5.059183089046101
farce,5.319994048282367
farci,5.47278256918788
farda,4.541734173927979
farde,5.133145174826368
farea,4.9528138936651125
farei,5.6595488302649
farla,4.7898456274349215
farle,5.380725433487419
farli,5.530796067692903
farlo,5.367319089025177
farmi,5.345585618083571
farne,5.367120730724002
farri,4.855656100094647
farro,4.689184964535387
farsa,4.849365732064966
farse,5.439613446864821
farsi,5.586420828671351
farso,5.425238351717382
farti,5.5489089427021145
farvi,5.129089243509894
fasai,4.908451155644605
fasce,5.16547437712146
fasci,5.319157391590201
fasta,4.653864113435289
faste,5.2470726542029436
fasti,5.397231279460977
fasto,5.232230267248526
fatai,4.842586469036463
fatta,3.897217933894044
fatte,4.490640633102218
fatti,4.6465379816150545
fatto,4.4751858752626505
fatua,4.340269880573231
fatue,4.9062547334976445
fatui,5.08105373189894
fatuo,4.884819192911001
fatwa,3.6794329327116015
fauce,4.945476006542471
fauci,5.123968275610655
fauna,4.448648954065962
faune,5.013336603630979
fauni,5.188891377494833
fauno,4.995241430561472
fauve,4.607050953700395
favai,4.410004861225778
faxai,3.9676372393953985
feace,4.581564137810899
feaci,5.456321152696352
febea,4.311321429625259
febee,3.1356897475571173
febei,4.315851752640906
febeo,4.211078564111371
fecce,3.463897415106046
fedai,4.9913942067369295
felce,4.249010996963144
felci,5.147895796346854
fella,4.509445631151182
felle,3.6096732802139453
felli,4.51040992290756
fello,4.402302013409419
felpa,4.965167469071394
felpe,4.063923655754376
felpi,4.9639656898014985
felpo,4.8584540339896725
felse,4.375456903995025
felsi,5.271490198693098
felze,3.7338782561901707
felzi,4.629821895083627
femme,3.2926813698629367
fence,4.217506270759063
fenda,4.926498348564807
fende,4.027218775172019
fendi,4.923608093508882
fendo,4.821055926862065
feria,5.619549280175028
ferie,4.7868221939908935
ferii,4.971184433875808
ferla,5.382380755751087
ferle,4.482528260972194
ferma,5.194658646632385
ferme,4.2938000705123915
fermi,5.192141355360648
fermo,5.088949474645292
ferra,4.702383481290948
ferri,4.698823763961562
ferro,4.594834840034917
fersa,5.441972743131254
ferse,4.538776834045604
ferva,4.976004177905136
ferve,4.07503445662388
fervi,4.970771646298947
fervo,4.868250352973358
ferza,4.7976612372693985
ferze,3.8971188353150503
ferzi,4.796454226136152
ferzo,4.6923567474159045
fessa,4.5588566631968925
fesse,3.6566185086244554
fessi,4.560031264969921
fesso,4.454215032706939
festa,5.245640127762523
feste,4.343137264257964
festi,5.248054314815714
festo,5.145230897444078
fetta,4.489287283540653
fette,3.5868566081574023
feudi,4.775012831476641
feudo,4.654179367628092
fiaba,4.6212431798644396
fiabe,5.159842405733371
fiala,4.968975019312901
fiale,5.5099043004640915
fiani,4.90397526832128
fiano,5.462748883296276
fiata,4.960864218491934
fiate,5.504184366581036
fiati,4.932663519141729
fiato,5.493030029160189
fibra,5.09027796544764
fibre,4.981828417202287
ficca,4.434021962756265
ficco,4.324234712301458
ficea,5.282394326965826
ficee,4.501627774208896
fiche,4.2938912871508474
fichi,3.669225525176296
ficus,4.286726835709212
fidai,4.378452198319346
fiele,4.684706666209699
fieli,4.788385665248211
fieni,4.756902945907126
fieno,5.348203203581478
fiera,5.611665432275811
fiere,4.820918331467034
fieri,4.921510345662419
fiero,5.515336420944701
fighe,4.1466024149879654
fighi,3.5225413212998546
figli,4.29243074175933
filai,4.7240423360892025
filli,3.8469963142368377
fillo,4.46978500255085
filma,5.101344826921528
filmi,4.366072788427377
filmo,4.990262002437295
filza,4.705073635362707
filze,4.596235851636483
finca,5.193095740659514
finga,4.977556972765919
finge,4.867995501376334
fingi,4.237225426639577
fingo,4.865009563948742
finii,3.757011642313961
finna,4.518310172480096
finne,4.410866292488463
finni,3.7789904392085116
finno,4.406565717248559
finse,5.202630164952499
finsi,4.568165776416188
finta,5.276866829849724
finte,5.169157288701262
finti,4.537468378585162
finto,5.166729284253385
fioca,5.392354931180469
fioco,4.559598869370882
fiora,5.629531390923732
fiore,5.549450555200159
fiori,4.956813079910876
fioro,4.796470444424631
fiote,5.403567875501523
fioti,4.811884626157527
firma,5.2775910007870745
firme,5.170109781309575
firmi,4.536421386684888
firmo,5.16792709666346
fisai,4.7418240303225385
fisco,5.127922924131139
fissa,4.632743850172744
fisse,4.524940628480267
fissi,3.8940132208112237
fisso,4.5208814192683
fitta,4.563897919496822
fitte,4.457050137076096
fitti,3.8280094563658107
fitto,4.457663982248442
fiume,4.793128804802923
fiumi,4.185825525883653
fiuta,5.120922269090371
fiuti,4.397584921294919
fiuto,5.004264835950335
flake,4.233852849482995
flana,4.463486842741201
flani,5.1566948790083655
flano,5.01609400786461
flash,3.9558449109214284
flati,5.204399518729517
flato,5.068072902221045
flava,4.086614727956543
flave,4.641525648694213
flavi,4.7795448883262
flavo,4.6399670704410045
flebo,4.619460196389751
fleti,5.054692321909283
fleto,4.9607360661433075
flirt,4.569711189919646
flora,5.205417827062042
flore,5.1102688633359215
fluii,4.276143216377935
fobia,5.0712347778012195
fobie,5.013360266792012
focea,5.193047657637374
focee,4.434451597732339
focei,5.225028625844366
foceo,4.329276821668002
foche,4.242056946856543
fochi,4.3436076866928754
focus,4.221151875926409
fodri,5.056525677599895
fodro,4.116701996038995
fogge,4.028302095525174
foggi,4.12731910229368
foghe,4.09554847224066
fogli,4.964524490615265
fogna,4.907283597094602
fogne,4.822365683036223
fogni,4.923172788134597
fogno,3.973862543664613
foiba,5.146774993384297
foibe,5.0714049702313675
folce,5.047798388512785
folco,4.196170786833077
folio,4.558343796972322
folla,4.493753528350373
folle,4.408279246755003
folli,4.50866365408764
follo,3.5553616425580192
folta,5.215360624824298
folte,5.130345706057697
folti,5.227860184266673
folto,4.2799774780735245
fonai,5.290497062708161
fonda,4.918882907193551
fonde,4.8287773365196305
fondi,4.9286566716023845
fondo,3.9803303388499764
fonia,5.397730507699234
fonie,5.340861488963375
fonte,5.107751439717414
fonti,5.211043579253277
forai,5.48720460519338
forca,5.3135797173221
force,5.225927025380438
forci,5.320962941019262
forge,5.022810631588915
forgi,5.116820160163957
forma,5.191195844517077
forme,5.101322021493052
formi,5.198711777574508
formo,4.247956879086458
forni,5.366003369185177
forno,4.414289865667477
forra,4.697256366610042
forre,4.608319846325132
forse,5.350490506958163
forte,5.3073499270197315
forti,5.402650178999052
forum,4.331757397704393
forza,4.794037716039131
forze,4.705402749313028
forzi,4.80032627258176
forzo,3.8499391180868385
fosca,5.166357383416448
fosco,4.2307910871426495
fossa,4.563834373929923
fosse,4.477630260815277
fossi,4.576486531610175
fosso,3.626718208087251
foste,5.1681415662205294
fosti,5.263952957876931
fotta,4.490329972143208
fotte,4.404400292124825
fotti,4.506617458427616
fotto,3.556191394146344
fovea,4.84476821085171
fovee,4.085143868298678
foyer,3.963631374778203
fraga,4.435453934784989
frale,5.2510650096657505
frali,5.381099493235129
frame,5.058719664235493
frana,4.66972353229774
frane,5.225825686649243
frani,5.358439806856311
frano,5.223629391882451
frase,5.297128421129718
frasi,5.422851095304056
frate,5.269759069657067
frati,5.403612713935735
frega,4.981653486037612
fregi,4.971971808992806
frego,4.880411638988227
frema,5.050035889218594
freme,4.201440181359026
fremi,5.043820674506355
fremo,4.949498040491744
frena,5.225520834053579
freni,5.219664017914294
freno,5.123794149711061
freon,4.5750190331636
fresa,5.29063026722957
frese,4.442711574782482
fresi,5.280607701348768
freso,5.192361374765388
frigi,4.387001124838809
frigo,4.981096451796886
frine,5.2139395406299895
frini,4.625173035540343
frisa,5.401741772097541
frisi,4.697301685945239
friso,5.2940888841209
froda,5.0216833290905365
frode,4.926220382864823
frodi,5.019365512252217
frodo,4.138130140303453
froge,4.909265262563915
fruga,4.610603769394218
frugo,4.488662188156111
fruii,4.480638391734114
ftori,5.191485281503326
ftoro,4.307214801283531
fuchi,3.871616613992318
fuffa,2.9343396431567945
fuffe,2.8096802829178644
fugai,4.631290362089837
fugga,3.6546840484729084
fugge,3.5302038893838428
fuggi,3.6539700866137723
fuggo,3.5346157744701783
fughe,3.5996956144235597
fughi,3.726073838475846
fulbe,4.300008196166247
fulbi,4.420842619510473
fulga,4.4801466682082784
fulge,4.355211472277473
fulgi,4.4757321025316745
fulgo,4.358809068649636
fulsa,4.808120726587069
fulse,4.68186762004185
fulsi,4.801693464803835
fulso,4.686921719161923
fulva,4.343282079638733
fulve,4.216256900465796
fulvi,4.336636924406922
fulvo,4.216637870615123
fumai,4.674283203392606
fumea,4.66450749978913
fumee,3.827140462959478
fumei,4.675397232420306
fumeo,4.5592720391762205
fumma,3.724130687085009
fummi,3.7275229887505024
fummo,3.605394362885413
funai,4.8902376387050195
fundo,4.343198245813823
funga,4.444245488982883
funge,4.32256336409039
fungi,4.442885919077354
fungo,4.3201800922397675
funky,2.4487680716336913
funse,4.651251253136696
funsi,4.77013343669566
funta,4.734242748632324
funte,4.611957669251337
funti,4.7363733151915595
funto,4.6156484555923125
fuoco,4.015212266128215
fuori,5.150891023064961
furai,5.084002852646069
furba,4.601145406899488
furbe,4.476626931628688
furbi,4.591861126485446
furbo,4.481317259259514
furca,4.859245016935225
furia,5.2128249076224575
furie,5.1038108951596275
furio,5.096590776578553
furti,4.930069553493311
furto,4.816720324360333
fusai,4.938995215082108
fusta,4.783747613941188
fuste,4.6614465281119735
fusti,4.783362760810039
fusto,4.666290097315347
futon,4.019071204744199
fuxia,4.119676098995851
fuxie,4.007581479806674
fuzzy,1.8038082270409523
gabba,3.592701049991488
gabbi,4.338322772484825
gabbo,4.165973669021998
gaela,5.003568078087388
gaele,4.871946489331352
gaeli,5.7017112730609725
gaelo,5.52329351945582
gaffa,3.4419058997237815
gaffe,4.028479628523251
gagge,3.637026560302826
gaggi,3.7891607781616323
galea,4.9337192362769455
galee,4.796843457451323
galei,5.643012774319632
galeo,5.462217109611688
galgo,4.54218899429024
galio,5.604163123207607
galla,4.064842912103344
galle,4.654777793403763
galli,4.813165108883776
gallo,4.639137619526093
gamba,4.181728936990745
gambe,4.767466483052884
gambi,4.923674853251445
gambo,4.752761680549384
gamia,4.819553358831518
gamie,5.393630172191695
gamma,3.7491259413884053
gamme,4.337239336577695
ganci,5.406310874297879
ganda,4.4792753890470545
gande,5.073942198615673
ganga,3.9218228243865756
gange,4.518513492140249
ganza,4.157362502274011
ganze,4.752596036199014
ganzi,4.905012803815238
ganzo,4.731896064080039
garba,4.618597599401494
garbe,5.210946121672584
garbi,5.3630451622286985
garbo,5.196657465475649
garga,4.139747565817518
gargo,4.715586115929773
garni,5.66995684979656
garza,4.3629885620152535
garze,4.955276387789927
garzi,5.106310322242615
garzo,4.941503473165159
gasai,5.05326265451949
gasco,5.279424910048347
gassa,4.114576056666967
gasse,4.706722359399388
gassi,4.857271401650721
gasso,4.690130907047778
gatta,4.039503245446997
gatte,4.634866474227965
gatti,4.78831533573037
gatto,4.617387083942017
gauda,4.341671410410535
gaude,4.906819527930331
gaudi,5.07666725034182
gaudo,4.887516701606209
gauge,4.363701069310482
gauli,5.368458834833745
gaulo,5.177050119537772
gauta,4.607212451346074
gaute,5.172194791510061
gauti,5.345276501872085
gauto,5.1560300879466565
gazai,4.4382241977412304
gazza,3.2817203706313642
gazze,3.8723540669723704
gazzi,4.02454120538677
gazzo,3.8550213048069586
gechi,4.449929547584412
gelai,5.4852359666122315
gelao,5.383505997968004
gelsa,5.424242188686578
gelse,4.522942047363823
gelsi,5.417608402829585
gelso,5.3192665794643705
gemei,4.597730905131315
gemma,4.343061006985252
gemme,3.4447657643117418
gemmi,4.348484665655812
gemmo,4.238429251136318
genai,5.457843124167929
genia,5.577322302435665
genie,4.743150184227004
genio,5.478658268344188
genoa,5.3036157534998445
gente,4.438547013290366
genti,5.3445749725480365
genue,4.198027713644373
geode,4.4607422183241665
geodi,5.297051287371511
geomi,5.373262860195847
gerba,5.21576919952194
gerbe,4.314357390932775
gergo,4.6228700311842905
gerla,5.541454335779765
gerle,4.640870248195501
gerli,5.530906445656836
gerlo,5.431299513871513
germa,5.3555584854955445
germe,4.455952153437714
germi,5.351885491424709
gessa,4.704754491366743
gessi,4.703356033911049
gesso,4.600326519817159
gesta,5.3788499759929564
gesti,5.380408794789519
gesto,5.279171330608249
getta,4.631900745473501
getti,4.636112435086844
getto,4.52719490859664
ghali,4.677460140457033
ghega,3.6812107350685737
ghegi,3.6760933937193943
ghego,3.5813532230844953
ghiri,4.078302967176076
ghiro,4.670014047697267
ghisa,4.6591342505525395
ghise,4.545197435896626
giace,5.5508408877384126
giaci,4.982733777760715
giaco,5.5408730958206105
giada,4.833421013259131
giade,5.374203208192688
giani,5.04938408008466
giano,5.607497907862375
giara,5.2635789221548555
giare,5.8076108804858055
giava,4.68176741094374
giave,5.223681174770004
gibbi,3.520312264536998
gibbo,4.146060490609411
gighe,3.751821478990721
gigli,3.90276461929895
gilda,5.1883374624510195
gilde,5.078724758664075
gilet,4.945655542013128
gimmo,4.310572078826262
ginna,4.6646787403814765
ginni,3.9252951708419554
ginno,4.552539474045963
gioca,5.532506902743714
gioco,4.699496783178311
giogo,3.9707893145479733
gioia,5.216400362104713
gioie,5.152913248070445
gioii,4.195043071597506
gioio,4.427743685973282
giova,5.210264592629332
giovi,4.538431250405789
giovo,4.377344784147481
girai,5.055226284076788
girci,4.800424690388919
girei,5.0690012977529095
girii,4.127510163342218
girio,5.153219922806672
girla,5.614975167937771
girle,5.511953185572426
girli,4.875449989656179
girlo,5.504711232681687
girmi,4.694776217892173
girne,5.497068541061834
girsi,4.924242644528622
girti,4.880308046171874
girvi,4.474291546754283
gisse,4.670838229447691
gissi,4.039707988031039
giste,5.347434967367916
gisti,4.716353261099839
gitta,4.702413357182689
gitti,3.967714030586252
gitto,4.595094731965518
giuba,4.927853548780227
giube,4.8119525468283735
giuda,4.99338839349595
giuli,4.563557522065539
giura,5.421090608264529
giure,5.312766319423024
giuri,4.698846043964825
giuro,5.301842824358648
giuso,5.185434800801069
gladi,5.084311867011937
gleba,4.864160812299177
glebe,4.019908433237431
glena,5.160058781437132
glene,4.314172145692822
gleni,5.162335990016507
glifi,4.172948129711468
glifo,4.762608982030607
globe,4.798335413588132
globi,4.897963697511456
globo,4.009517165907711
glomi,5.030635013511896
glomo,4.142167933394846
glori,5.354680233189154
gluma,4.6248282472113065
glume,4.496622528306829
gnidi,4.2671630365137725
gnome,4.8619750618411075
gnomi,4.959718887214467
gnomo,4.070235687789259
gnosi,5.200134817738204
gnuda,4.490055577615069
gnude,4.364088989827846
gnudi,4.476766022906409
gnudo,4.36579846942128
gobba,4.181332624540535
gobbe,4.09230000558186
gobbi,4.193247603563111
gobbo,3.245287036581483
gocce,4.417353440990079
gocci,4.514424993715267
godei,5.173592988232664
godii,4.625827575991856
godio,4.384184801218587
goffa,4.027088343022217
goffe,3.939365671515771
goffi,4.040203632675668
goffo,3.091719413063551
gogna,4.513633805971093
gogne,4.430286959519228
goldi,5.106898205538389
golea,5.472094581285047
golei,5.501965850106682
goleo,4.606289012549494
golfi,4.932252488517086
golfo,3.983108584461145
golia,5.5790759676035995
golpe,5.020408400352839
gombe,4.6834097772510495
gombi,4.782874794192094
gombo,3.8348084124353323
gomma,4.337323338054452
gomme,4.251837352174588
gommi,4.352059606645559
gommo,3.4037151854914147
gonda,5.065051677067409
gonde,4.976272065930331
gondi,5.070844148827434
gondo,4.124547530940381
gonfa,4.893920496865395
gonfe,4.805508074686262
gonfi,4.908336359649055
gonfo,3.9544453660901233
gonga,4.503899003661797
gonio,4.682771248035054
gonja,4.427501977842526
gonna,4.586252812676721
gonne,4.498980004908322
gonza,4.74035041542528
gonze,4.654363717292798
gonzi,4.753609615615012
gonzo,3.799364280831031
gordi,5.282797596825137
gorga,4.7253064340684325
gorge,4.639257848780388
gorgo,3.781810054481607
gorna,5.511317073744399
gorne,5.4245847109433765
gotha,4.566788862099142
gotta,4.6302283409935985
gotte,4.545557077194535
gotti,4.64464727691352
gotto,3.695738886534581
gouda,4.9044084761120885
gozzi,3.878367139613222
gozzo,2.930872292890069
grada,4.594685188111699
grade,5.151924568676117
gradi,5.27779617923948
grado,5.150121983441783
grafi,5.106833738429591
grafo,4.9728772510315595
graia,5.139483038634937
graie,5.676417339850672
graii,5.14176038546446
graio,5.660164979158277
grama,4.65284302510578
grame,5.211523157556785
grami,5.3411732359302055
gramo,5.210965410484091
grana,4.812898292807993
grane,5.372999807508299
grani,5.49911066543186
grano,5.367169338240047
grata,4.85085544457583
grate,5.411008170037963
grati,5.54029771371049
grato,5.410558127594596
grava,4.436595700950248
grave,4.9946137019888415
gravi,5.123115623152132
gravo,4.99188422513258
grazi,4.951907001943718
greca,5.317783593989718
greci,5.311391603464853
greco,5.218102706296211
gremi,5.19689874562797
greti,5.398436719098258
greto,5.305059727913989
greve,4.14347825647544
grevi,4.983050508142837
grica,5.432889060403428
grici,4.7277841125640965
grico,5.323031441321053
grida,5.248212380633611
gride,5.131813030405704
gridi,4.539871299228687
grido,5.137088959904837
grifa,5.081346607277555
grifi,4.376191036673108
grifo,4.969414962120286
grigi,3.997743965560221
grola,5.414683864654401
grole,5.32238838915174
groma,5.22583151422242
grome,5.1355051241861265
grufa,4.5929123766818964
grufi,4.585489136184702
grufo,4.470371891719225
gruga,4.220087138657713
grugo,4.099245341774064
gruma,4.826666047068789
grume,4.704205350424292
grumi,4.820730547711243
grumo,4.705795198453181
grusi,5.048836615062473
guaco,5.026270526703979
guada,4.306722377881035
guade,4.849368000631847
guadi,5.001312794926091
guado,4.844914752827774
guaii,4.854570491954612
guaio,5.344915805167843
guani,5.249667466407268
guano,5.092460224118357
guari,5.430379951613893
guata,4.571977345119761
guati,5.2716011283440904
guato,5.115761265709348
gufai,4.608027436310638
guida,4.95689096375803
guide,4.8391741517509725
guidi,4.26567152890545
guido,4.842097848155298
guina,5.203744645516286
guini,4.515892570632368
guino,5.088474143843563
guisa,5.272592049426091
guise,5.155709902592641
gulag,3.707785034556113
gurge,4.1487935496956245
gurgi,4.257525643767875
gusci,4.829156333290347
gusla,4.943426892183843
gusta,4.914528068883185
gusti,4.915919631015667
gusto,4.799123743917373
gutea,5.002327845628249
gutee,4.1655113963166395
gutei,5.012173630884534
guteo,4.895755573707874
gutti,4.166081730163209
gutto,4.044293848825637
guzla,4.323531730933527
guzle,4.198281319692084
gwari,4.667712986715734
hafni,4.581466737947707
haida,4.36247130746626
haiku,3.7498168507033616
hakka,2.5193265683933115
hallo,4.157184120020061
hamza,3.473106592717868
hanno,4.095457420844729
harem,4.553786006950791
haute,4.7108550391940485
hedge,3.3873535289251016
hello,4.079683180910992
henna,4.123752904071896
henne,3.2241811493226447
hertz,3.9292502265858755
hevea,3.8792003367102224
hevee,2.705147470095097
hijab,3.3108776466934158
hindi,3.9333444745288904
hobby,2.3325945321332338
hokka,3.101448606962672
hokke,3.0213073217970634
hokki,3.119556291298313
hokko,2.1730443943411135
holmi,4.703854523323594
hotel,4.375398246421412
house,4.662866039106558
huave,4.226156271176915
huavi,4.3777020172490255
huchi,3.3612359754362813
hudna,4.090488121389757
iacea,5.142548994765288
iacee,5.03015387852957
iarda,5.085570555710162
iarde,5.656764124510798
ibera,5.400108927937462
ibere,4.604949847044188
iberi,4.800801643933426
ibero,5.301906486195305
iblea,5.205091814573306
iblee,4.413709591673238
iblei,4.607435295127769
ibleo,5.105145094856285
icari,5.1629935504379185
icena,5.429500199032307
icene,4.640616556945011
iceni,4.840505410576131
iceno,5.334035808862767
icona,5.44419293742327
icone,5.362499225206274
icore,5.542352416915343
icori,5.041197509845143
ictus,4.326123875502742
idali,4.872379891614199
iddia,3.9351911030852427
iddie,3.830517243851723
iddio,3.8272827968019216
ideai,4.7960374174243094
idoli,4.743569096539367
idolo,4.50440786521328
idria,4.992257624228191
idrie,4.8881360758198955
iella,5.009836609608351
ielle,4.167040686624283
iesta,5.7510264494111745
ieste,4.906168112811517
iesti,5.162230967345293
iesto,5.657140081934537
ietta,4.9945647989391935
ietti,4.406076786295641
ietto,4.899419609440764
ifale,5.204460844212449
ifali,4.728091590802014
ifema,4.948912874175278
ifemi,4.355511336568528
igloo,4.299395320726532
ignea,5.1978686689266285
ignee,4.4108448232970625
ignei,4.602756736607621
igneo,5.099516685422556
ilare,5.719159062842948
ilari,5.235120825694242
ilice,4.907153852608202
ilici,3.9854522663913126
ilide,4.7102811250160235
ilidi,3.7870817352296955
illea,4.826499826469255
illee,4.0393675675544225
illei,4.232101164236223
illeo,4.730204875394805
ilota,5.58132114704138
ilote,5.49788419735887
iloti,4.998561310907126
image,5.121921609442541
imago,5.116534764865852
imani,4.896895333445234
imano,5.368954703423904
imati,4.929141627552751
imene,4.560252926149997
imeni,4.757447363573565
imita,4.919794674387652
imiti,3.8807363922839264
imito,4.811714180456984
inala,4.977529231142343
inali,5.0354393011539
inalo,5.504805169661655
inane,4.824118097589057
inani,4.346934587717829
incoa,5.146867712537659
incoi,4.562289903614544
incoo,4.372761339205595
india,4.650954627451165
indie,4.541900881092285
indio,4.541899789705319
infoi,4.236223111433457
infra,5.00233408477003
ingoi,4.409563948963103
ingri,4.516299892213165
inizi,3.3923020113075597
inlei,4.8226918272411865
inlui,4.413435579486974
inmia,4.7618984981444985
inmio,4.653410756215371
inoli,4.910626303886027
inoma,5.297821181314609
inomi,4.7152977819816915
inope,5.156280422633195
inopi,4.659572773962551
insce,5.146717189324598
insci,4.614417071306741
insta,5.339526440338286
insti,4.6940878626330385
insto,5.23162378959137
intra,5.399587420382533
intro,5.290905863694718
inula,5.148055901449624
inule,5.0216687074092645
inuma,4.948318445639223
inumi,4.305173236419403
inumo,4.825287305201987
invai,4.360360447506644
invia,4.513212659783716
invii,3.4722209950647582
invio,4.403937849615196
iodai,4.876761074331272
iodio,4.170856406801928
ioide,5.048937024743464
ioidi,4.189106800492428
iolla,4.985379673653817
iolle,4.9187903635002375
ionia,5.313891260826482
ionie,5.260442549600305
ionio,4.471480517888142
ipate,5.374018545812276
ipati,4.893527446535062
ippia,4.004146443106851
ippie,3.9003080005935016
ippii,2.9632723860448578
ippio,3.8946055306691503
irace,5.716747483265464
iraci,5.235966157288265
irata,5.259641094844947
irate,5.79502018105019
irati,5.313073915591272
irato,5.78931464532001
irchi,4.074789177330548
irida,5.042428264413142
iride,4.925277972724429
iridi,3.9968681272842357
irido,4.9323602113832585
irite,5.202166856153434
iriti,4.274283979962357
iroki,4.362649754568083
iroko,4.121165043822216
irosa,5.812138280705789
irose,5.734168878556036
irosi,5.229628062310654
iroso,4.990808468848828
irula,5.418450508483429
ischi,3.8572641599493123
islam,4.741630569253614
isodi,4.720467933782304
isola,5.577233699764516
isole,5.496694325113922
isoli,4.999327378352454
isolo,4.758432358589343
isopi,4.736302476436051
isopo,4.490503047735451
issai,4.255532460431935
istai,4.849087747149758
istle,5.227554603046316
istmi,4.485777726533609
istmo,5.021977027369803
isuri,4.729055336655975
isuro,5.25282213640847
itaci,4.98706259100089
itaco,5.458225321232526
itala,5.02038183159906
itale,5.553680573641008
itali,5.077647274860357
italo,5.545106678665115
itera,5.671004448043635
iteri,5.071680064963878
itero,5.575705765144364
iucca,4.459398615291324
iulca,5.240401636408056
iulco,5.122359280364923
iurta,5.491941457156214
iurte,5.380272434882734
ivata,4.683629952013411
ivate,5.218833581727263
ivati,4.740159111152998
ivato,5.209393953183267
jeans,4.420499863532502
jihad,3.3432993930209807
jolly,2.6274333950702746
joule,4.453675751041536
jumbo,3.550355020658141
junci,4.163162789453034
junco,4.0404344330885
kaaba,3.1299577786813817
kakwa,2.3555523568146604
kamti,4.730606844282896
kanji,4.0187540729065905
kansa,4.229257983554187
kaone,4.958274836377002
kaoni,5.108889141264609
kappa,3.111091595191279
karma,4.195279680898402
kasba,3.907511895815983
kayak,2.17952478792401
kebab,3.2453087617649103
kendo,4.407665014871602
khasi,4.145574034992881
kiowa,4.14146757086859
kissi,3.489990985049439
kitai,4.256166236986033
kiwai,3.3757127958804314
koala,4.477600371768641
konde,4.417302690769442
kondi,4.51358446623264
konga,4.482773313685362
konge,4.395786773346324
kongi,4.494339193170064
kongo,3.542560255055984
konta,4.781091711464421
kulla,3.6279191053217503
kulle,3.502538071245674
kulli,3.623144782510704
kullo,3.5018920819058184
kunta,4.322599735204562
kurda,4.2604283384759745
kurde,4.1425358189713
kurdi,4.2516969159550495
kurdo,4.143865055071858
kwena,3.762468927959374
kyrie,3.9435701887336574
labbi,4.589952172111824
labbo,4.415377932396669
labda,4.402731194408486
labio,5.486182956508882
labri,5.532601876544061
labro,5.368169395511079
lacca,4.169661838498074
lacce,4.764401555689959
lacci,4.915446467534813
lacco,4.744076258602665
ladra,4.825767247687052
ladre,5.414877206317067
ladri,5.559831371305545
ladro,5.396914781990524
laghi,4.7372143959227975
lagna,4.685216652089863
lagne,5.278193917987031
lagni,5.43426840778757
lagno,5.259767432751921
laica,5.271465329845972
laici,5.326344059664352
laico,5.814187694601615
laida,5.083605783320548
laide,5.649828622804794
laidi,5.136557099751495
laido,5.627002643881341
lamai,5.034081907208298
lamba,4.419834344965876
lambe,5.010448963477523
lambi,5.167773429055054
lambo,4.992634335392217
lamia,5.052111412117458
lamie,5.631656966230284
lamio,5.599027547035239
lampa,4.5070955940931
lampe,5.099010787088503
lampi,5.2526178557774434
lampo,5.076706898118141
lanca,4.882577301834371
lance,5.479443945614709
lanci,5.636397215510035
landa,4.697112221184819
lande,5.294556069839945
lanea,5.11560293426685
lanee,4.984928607573687
lanei,5.828172853510185
laneo,5.644870089451759
lanfa,4.524308470187816
lanfe,5.118587393352861
langa,4.681626460107706
lange,5.276804920356978
lania,5.231254611500148
lanio,5.781601395368609
lanzi,5.120642674698488
lanzo,4.944555825554252
lapis,5.13648957640334
lappa,3.920552239232243
lappe,4.513795463145117
lappi,4.666200451455588
lappo,4.4929569608753726
larda,4.906719062969357
lardi,5.647782641253542
lardo,5.484291284390483
larga,4.8966926878429655
large,5.49242289815958
largo,5.471977551867533
larva,4.750552140878442
larve,5.347402035203019
larvi,5.4947077919428455
larvo,5.326404336701006
lasca,4.953483078500262
lasci,5.700817087642432
lasco,5.529925086322334
laser,5.318068710450279
lassa,4.356254984799039
lasse,4.9504869278560175
lassi,5.10058879271519
lasso,4.9305893986270775
lasta,5.031042089906643
laste,5.628751602515482
latra,5.093821486308333
latri,5.830653805021707
latro,5.663253538866241
latta,4.28619151967765
latte,4.884027960985762
latti,5.036590086879329
latto,4.861982749732171
lauda,4.596353118593207
laude,5.161136993647337
laudi,5.335470672119207
laura,4.9856234355234275
laure,5.549622221479758
lauri,5.715706863893535
lauro,5.53078805001725
lauta,4.863187144300883
laute,5.428368991409622
lauti,5.60345374262369
lauto,5.409334145469304
lavai,4.808743542176623
lavia,4.818019343674527
lavie,5.397181769375889
lavra,4.682409383914116
lavre,5.272367211745463
lazza,3.5263926299822534
lazze,4.118756833732349
lazzi,4.2719112275812
lazzo,4.100453706980363
leale,4.367292928687643
leali,5.2412970997813355
lebbi,4.437363226183114
lecca,4.765030136546181
lecce,3.867358068391147
lecci,4.762960757415787
lecco,4.660135469639782
legai,5.439152916492857
legga,4.523863173601872
legge,3.626236694262664
leggi,4.518874588556493
leggo,4.41498348681443
leghe,3.6900858081846692
leghi,4.58120009832902
legna,5.287145748963345
legni,5.283512009884231
legno,5.178564466570579
lella,4.070342188973561
lelle,3.1688529344434584
lelli,4.07086121542282
lello,3.963227820938365
lembi,5.019960349914706
lembo,4.9111556698934145
lemma,4.585978833813732
lemme,3.6883741704909823
lemmi,4.588474415479039
lemmo,4.479685771655791
lemna,5.335894525029232
lemne,4.438204020138473
lenca,5.487850647560523
lenci,5.487658143360079
lenea,5.023981324881508
lenee,3.8434264915112784
lenei,5.023472666132758
leneo,4.920661448230408
lenii,5.146937497077251
lenta,5.56501209613117
lente,4.659384219869792
lenti,5.5660091267816565
lento,5.458258571094847
lenza,4.969235648663165
lenze,4.070039209755241
lenzi,4.968493054649564
lenzo,4.862861146071368
leone,4.938579418055236
leoni,5.777036138720788
leppa,4.515445801214757
leppi,4.513606938861789
leppo,4.407681746835495
lepra,5.464080111990335
lepre,4.563699980344027
lepri,5.45316869541434
lerce,4.786495412351207
lerci,5.678378163069291
lesbi,5.291727244194251
lesbo,5.185466400946858
lesca,5.549231317284148
lessa,4.951636945921803
lesse,4.050559987265655
lessi,4.949928604267782
lesso,4.84624818872368
lesta,5.624364095128642
leste,4.722415338438992
lesti,5.624939643288047
lesto,5.521821333920398
letea,5.021967076556517
letee,3.845626516338637
letei,5.024342782964747
leteo,4.920655579948568
letri,5.673194686269247
letro,5.57335237619012
letta,4.882297027107563
lette,3.9801344781759997
letti,4.885295818106336
letto,4.7762968554934115
leuca,5.356086815219323
leuci,5.361615682229478
leuco,5.240546889115648
leuti,5.445202667219349
leuto,5.320979759221081
levai,5.248861888190971
lezia,5.243823896793798
lezie,4.411375132379505
lezio,5.146902018061242
lezza,4.117369648395682
lezze,3.2210091538965306
lezzi,4.1170751208817
lezzo,4.012598102618052
liana,5.300823277482338
liane,5.84338996368105
libai,4.75893091735639
libra,5.449809446010302
libre,5.344032871153188
libri,4.71219305260512
libro,5.339906038556954
licci,4.094671092082826
licei,5.000564112854699
liceo,5.588933659490502
licia,5.191348924975559
licie,5.095895720514043
licio,5.08513165897796
lidar,4.953436494021228
lidia,4.97962779372943
lidie,4.8839788484669
lidio,4.877332442332229
lieta,5.857872432666485
liete,5.064675630643409
lieti,5.1729782664045745
lieto,5.762824471891258
lieve,4.644421187103515
lievi,4.755673648568317
lifta,5.2342142258822015
lifti,4.497599631773493
lifto,5.120889272950231
ligei,4.841840510241463
ligeo,5.431910349679166
ligia,5.0353322981528015
ligie,4.940521914510196
ligio,4.929260621547835
ligre,5.419822400305888
ligri,4.786627256972364
lilla,4.144141873451524
limai,4.871791146676318
limbi,4.3550984893709135
limbo,4.9780312829751585
limii,3.94894628077209
limio,4.971827730697168
limma,4.660987098926381
limmi,3.926458731776561
linai,5.060422116493185
lince,5.449139323656512
linci,4.8182570719362605
linda,5.3693546894776265
linde,5.259405031796338
lindi,4.624450351590091
lindo,5.255327942202282
linea,5.756220899520624
linee,4.975353133585722
linei,5.069110279564798
lineo,5.65831130414614
linfa,5.197270697495589
linfe,5.088858843973454
lingi,4.604676895619226
linka,4.801022873170097
linki,4.064806459815404
linko,4.687111559687722
lippa,4.584592634408394
lippe,4.477672107312456
lippi,3.8449849048237934
lippo,4.471918623200464
liqua,4.529267581465969
liqui,3.8078543641451263
liquo,4.405814392033016
lisai,5.123066262354855
lisca,5.620745622441658
lisce,5.512832093003275
lisci,4.883968654017638
lissa,5.020857742957265
lisse,4.914868321545383
lissi,4.28302902485369
lisso,4.908562390102842
lista,5.693964076380462
liste,5.589491787524472
listi,4.958714000854676
listo,5.58399487460088
litai,5.061131073752858
litio,5.159592948451766
litra,5.747040187489349
litre,5.63986568794829
litri,5.009847064974453
litro,5.63596282287157
litta,4.951105848651053
litte,4.845630977591149
litui,4.659092928959364
lituo,5.257122264498669
liuti,4.793137490641306
liuto,5.393009445005953
lizza,4.187820949141734
lizze,4.082218691814697
lizzi,3.4461146648768697
lizzo,4.0764733836631395
lobby,3.059895594093679
locai,5.590600129912441
locca,4.760530367315139
locco,3.8241528288811217
lochi,4.742574197196647
lodai,5.386696127557395
loden,4.769194751673846
lodge,4.925735189129865
loffa,4.276949659817128
loffe,4.190569497933208
loffi,4.289328897976214
loffo,3.3379489748119737
lofio,4.507395186760866
logga,4.5188723039444225
logge,4.434547411761549
loggo,3.5826652443153124
loghi,4.594913034111646
logia,5.546872852741824
logli,4.647561464217528
logra,5.459787983227818
logri,5.462732892776967
logro,4.52141288698491
loica,5.797809760530768
loici,5.182235291492539
loico,4.932231388942334
lolla,4.058667049756218
lolle,3.9741444339121306
lombi,5.027701251344177
lombo,4.076505240551522
lompi,5.111889172974119
lompo,4.160802008243169
longa,5.27019620204288
longo,4.324666765590123
lonza,4.95967226509256
lonze,4.871549005973371
loppa,4.511093638533057
loppe,4.426929488763478
loppi,4.522554033188921
loppo,3.573609842463925
lorda,5.498192012403169
lorde,5.411787574662995
lordi,5.500382706163081
lordo,4.554449497756094
lorio,5.097137801550858
losca,5.550474113611083
losco,4.612134215692632
lotta,4.880062838751734
lotte,4.797021573329364
lotti,4.893898263675002
lotto,3.942928115141604
lucci,4.297951206808471
lucco,4.1821938008603095
lucea,5.184861367756008
lucei,5.189268204373344
luchi,4.2719088051870955
lucia,5.313113129523405
lucie,5.197930129846133
lucra,5.153914357660094
lucri,5.146164348032439
lucro,5.032261758406699
ludra,4.954410887740419
ludre,4.831054429831167
ludri,4.943572183868448
ludro,4.833179243507875
luena,5.321733733488502
luese,4.571821332155651
luesi,5.4138634968394195
luffa,3.8177240858933814
luffe,3.690794563759838
lugli,4.179805495439591
lugre,4.879022967656052
lugri,4.991505974052495
lugro,4.879006163645236
luigi,4.517973868740642
lulla,3.606525308994651
lulle,3.4820652349842516
lumai,5.069273074980245
lumia,5.2003037264194285
lumie,5.086748460087315
lumpi,4.635347363385225
lumpo,4.514169726482785
lunda,4.837045488803639
lunga,4.818921774303201
lungi,4.812933450586844
lungo,4.690864659078142
luogo,4.218243274007666
lurca,5.2303835294179
lurco,5.107414776957704
lusca,5.088718421761042
lusco,4.96673581218209
lussa,4.493042482191998
lussi,4.489914710025399
lusso,4.368018109074005
lutai,5.256901788199882
lutea,5.25236570243747
lutee,4.414746151603175
lutei,5.261215560650878
luteo,5.145095766152728
lutta,4.41486621453395
lutti,4.416977176046606
lutto,4.2944363571514765
luvia,4.965445366043775
luvie,4.851769725978676
luvii,4.276378335799464
luvio,4.842132687410088
lycra,4.390622754672357
macao,4.867465606331419
macca,3.99525435731188
macco,4.570890591356444
machi,4.7084727411105405
macho,4.530605171209226
macia,4.993862056046976
macie,5.57082005767385
macro,5.469043788371723
madia,4.786852086512899
madie,5.363500056784461
madre,5.284848862541375
madri,5.431021017252196
mafia,4.663952818759623
mafie,5.240848119749363
mafio,5.212289447207078
magai,4.8297871319016155
maggi,4.496133371397688
maghe,4.410438363751576
maghi,4.566617224698377
magia,4.842713861756409
magie,5.419131412341733
magio,5.387986731005002
magli,5.332844634384853
magma,3.76876307955517
magmi,4.513403097292465
magna,4.53970748368974
magne,5.132990138713239
magni,5.288109499499423
magno,5.11403714910954
magra,4.74229456618412
magre,5.33071321044353
magri,5.476714308490914
magro,5.315048936474972
maide,5.47036293251987
maidi,4.957060697133
maina,5.1461958825612415
maini,5.204774451840443
maino,5.691471569909313
malga,4.573777189353396
malgo,5.149838113563743
malia,5.120876360102016
malie,5.699903005665949
malli,4.8831825157315984
mallo,4.704326100451792
malta,4.843364537770274
malte,5.436135409727182
malti,5.593313765483246
malto,5.419724705235675
malva,4.431960183640174
malve,5.024684426088284
mamba,3.6594033778926933
mambi,4.408431890951647
mambo,4.2349726487577755
mamma,3.1400270139945348
mamme,3.7331164632735696
mammi,3.8909811061231583
mammo,3.71476800989439
manaa,4.003766280001499
manae,4.978861845088652
manai,5.078249445819513
manao,4.959255109986822
manca,4.728408611653815
mance,5.324710303432747
manco,5.305027041145191
manda,4.544571200527098
mande,5.140112395294313
mandi,5.292510293394273
mando,5.122861004912385
manga,4.528160967098016
mangi,5.275401934472837
mango,5.104380881177015
mania,5.080559449296877
manie,5.664622541540566
manna,4.061658442856123
manne,4.657808377921927
mansa,4.851948363227614
manse,5.447487829171694
mansi,5.599259608947011
manso,5.4276525248775425
manta,4.808053879491591
mante,5.404901954329269
manti,5.561730367338493
manto,5.387593923234445
manza,4.2166797216709435
manze,4.81178046696441
manzi,4.9690651525173095
manzo,4.792808214708754
maona,5.051616290399313
maone,5.598797806150302
maori,5.932936208611774
mappa,3.737713626497725
mappe,4.331049835813994
mappi,4.485102932846407
mappo,4.313350204203038
marca,4.947220549304757
marce,5.5421598534928025
marci,5.692030492165124
marco,5.528168708827249
marea,5.178855731179645
maree,5.0446357098008034
margi,5.492274153420102
margo,5.332295268908803
marma,4.219888397327911
marmi,4.963965148430324
marmo,4.798874865679996
marna,4.9890280445913
marne,5.585117624577736
marni,5.736780780628308
marno,5.5672856519625356
marra,4.330501143137628
marre,4.925046724739017
marsa,5.072161104862138
marse,5.666585540774531
marsi,5.808374268388662
marso,5.65168951793308
marza,4.433115624890707
marze,5.0264800163793595
marzi,5.1771648979815525
marzo,5.013419422259633
masai,5.130572938964321
massa,4.190655381910566
masse,4.782638551759203
massi,4.935550585998879
masso,4.767189175019901
masti,5.611134365018968
matta,4.112679993460729
matte,4.707830283752417
matti,4.864072381569651
matto,4.6915585513016325
maura,4.85018051100805
maure,5.416525382894462
mauri,5.5826498150857695
mauro,5.397487515585888
mauve,4.827740690622808
mauvi,5.001729752926972
mazza,3.35343597863669
mazze,3.9452482224310534
mazzi,4.099705016454637
mazzo,3.92863859425542
mbaka,3.5830817428187167
mbaya,3.5225066280914468
meaci,5.674474585597764
meala,5.114992316621039
meale,4.9006710929197626
meali,5.777227322885308
mealo,5.621533145744371
meami,4.958220557903706
meane,4.858754083097107
meano,5.57909713960622
meare,5.053210829681017
meata,5.097587583690781
meate,4.879297145852097
meati,5.76063407306498
meato,5.606544937645436
meava,4.672533608841577
meavi,5.331844461007252
meavo,5.178528959399442
mecca,4.589758166645613
media,5.333663445469442
medie,4.500669972413079
medio,5.241738099869612
meino,5.592506822812264
mekea,4.054193432109761
mekee,2.875009119662112
mekei,4.057447069628376
mekeo,3.9545113562447214
melai,5.555987059578138
melba,5.111842351898565
melda,5.190737875377056
melde,4.287469782384251
meldi,5.18265787019992
meldo,5.082003030146183
melia,5.679820970133776
melie,4.843916513896274
melii,5.030992096964079
melio,5.581691035318553
melma,4.649393984306855
melme,3.746937402101808
meloe,4.584100395180414
meloi,5.428386806809655
menai,5.521974892603405
mence,4.429222044587112
menci,5.3299804447014925
menda,5.144323873832624
mende,4.241946771712223
mendi,5.1389455165260935
mendo,5.037988129741186
menga,5.127254933286093
menri,5.551411936991771
mensa,5.452526469183964
mense,4.549992276321181
menta,5.409657589933938
mente,4.503856143282365
menti,5.412656403698593
mento,5.306787969430835
meoni,5.628980634659676
meoti,5.650844096492017
merca,5.543297210113208
merce,4.641717465187678
merci,5.536491727996084
merco,5.437760289404068
merda,5.360486241219619
merde,4.459389581273238
merga,5.345854961278062
merge,4.446312800622056
mergi,5.339545741524015
mergo,5.241037319626842
meria,5.846431641257099
merie,5.014005807184338
merio,5.7531475651520205
merla,5.604311125162927
merle,4.702090280406121
merli,5.597496833886698
merlo,5.499125039884531
mersa,5.665653839919263
merse,4.7643142762115405
mersi,5.656219929033167
merso,5.563894112853341
mesca,5.384551514178231
mesce,4.481599770926271
mesci,5.382594841753162
mesco,5.280862686366437
messa,4.782320632801427
messe,3.879056488379814
messi,4.781324874970606
messo,4.680136796482204
mesta,5.461399056287494
meste,4.558425775382312
mesti,5.4628292424722025
mesto,5.3625678484032395
meteo,4.756083465120993
metri,5.554266843957372
metro,5.455896068691883
metta,4.707365818296199
mette,3.803649921502422
metti,4.713560424541121
metto,4.605760871251657
mezza,3.9456927663327326
mezze,3.0439534732827815
mezzi,3.9464363557841913
mezzo,3.841314753599704
miasi,5.188613996741176
micca,4.660890438561014
micce,4.552309827760102
micci,3.922196577482619
micco,4.550812210565815
miche,4.51992601843596
micia,5.017005783821544
micie,4.9234447700660375
micio,4.914907163110946
micro,5.444375288969452
miele,4.910693357097651
mieli,5.013671450038414
mieta,5.6825151779044445
miete,4.891190581592095
mieti,4.995214277934133
mieto,5.59105728916451
migma,4.435833087461478
migmi,3.697294947387307
migra,5.399541199754268
migri,4.655734664190342
migro,5.289030811003639
milia,5.154802057073639
milio,5.050080329130845
mille,4.700464656992395
milza,4.931962789273562
milze,4.821894235268835
mimai,4.118926660708854
mimma,3.818833166625627
mimme,3.715597561958614
mimmi,3.0822664546345226
mimmo,3.7109672368878854
minai,4.912140807539845
minea,5.608303005968216
minee,4.826066449665138
minei,4.920710110408557
mineo,5.51196035237713
minga,5.195222895230792
minge,5.088104122226467
mingi,4.454643722452504
mingo,5.084072687524859
minia,5.106194004683808
minio,5.00133865773225
minna,4.737005203460969
minne,4.632522445041321
minse,5.416689078413967
minsi,4.779789110088836
mioma,4.900333331281013
miomi,4.229498837929775
miope,5.3614830864605185
miopi,4.767780538259069
miosi,5.075150402769272
mirai,5.126838330015194
mirra,5.004816270973868
mirre,4.900384955899495
mirri,4.263394740364214
mirro,4.896111431099167
mirti,4.952451805643349
mirto,5.5875290756959926
misia,5.172832826120054
misie,5.082933768544996
misii,4.0461476780878485
misio,5.073274063605893
missa,4.856868530476184
missi,4.118168036858512
misso,4.746806457254743
mista,5.5341622922267915
miste,5.431650790310747
misti,4.7971220384582685
misto,5.428561291223136
mitra,5.627193923948166
mitre,5.520502143636918
mitri,4.8864029490304945
mitro,5.518442006443066
mitti,4.045894593457535
mitto,4.677151803663782
mixai,4.029383283820234
mixer,4.234851612337019
mocci,4.597985646367739
mochi,4.5670536464225515
mocoa,4.637199856037376
modem,3.9436985034152614
modio,4.461629729584251
moggi,4.355258149054536
mogia,5.374765514816253
mogie,5.319884475043929
mogio,4.512458210042959
mogli,5.189308177234831
moina,5.679744540162595
moine,5.607616463112709
moira,5.870989492358707
moire,5.801458654199727
molai,5.54151873332933
molca,5.357264592297059
molce,5.2710806513807755
molla,4.721007496365082
molle,4.635329160692991
molli,4.734178050479867
mollo,3.7797984741947235
molta,5.434850806065702
molte,5.349236169912104
molti,5.4458616470205765
molto,4.496114606766498
molva,5.024336562115872
molve,4.937151321314492
monca,5.32427559030422
monco,4.382289943626496
monda,5.140656685782812
monde,5.050262597102347
mondi,5.146013691399792
mondo,4.1995720256563125
monna,4.656573428066715
monne,4.569610161614571
monta,5.405556930530014
monte,5.319411551426673
monti,5.41803735705754
monto,4.46499189472805
moqui,4.285678892239297
morai,5.716917600089457
morbi,5.280748752216469
morbo,4.332688899003443
morda,5.361236244878581
morde,5.273489772028816
mordi,5.360455180515751
mordo,4.419948771547784
morfi,5.183557699660873
morfo,4.2362845826935835
moria,5.830791157109846
morie,5.776304692224364
morii,5.2081347718975275
morra,4.924220520974963
morre,4.837404941368401
morsa,5.667877142687381
morse,5.582899629147986
morsi,5.665673583088144
morso,4.727499105445017
morta,5.616044459269425
morte,5.530339892149516
morti,5.619522160091189
morto,4.673174484785998
morva,5.201825299174151
morve,5.114200207136883
mosca,5.392845228530221
mosce,5.306043243159561
mosci,5.4011948777885594
mosco,4.454307999736472
mossa,4.792039597000539
mosse,4.707215303593997
mossi,4.801819162654196
mosso,3.8536196887077723
mosti,5.480209764861385
mosto,4.5350753880581856
motta,4.711274598535237
motte,4.626941724634371
motti,4.725485946461178
motto,3.776403132887143
mouse,5.212406036637801
movie,5.125839448409226
mozza,3.9450981903170783
mozze,3.861018293092347
mozzi,3.956577912170594
mozzo,3.0085205970857545
mucca,4.126457477341768
mucci,4.121159754159352
mucco,4.005626250270615
muchi,4.093706498700898
mudai,4.806283908136397
muffa,3.63946327937288
muffe,3.514533844681835
muffi,3.640026581829264
muffo,3.520124913778568
mufti,4.519313604491461
mughi,3.9511766735134395
mugli,4.714861470256436
mulsi,5.024209791264893
mulso,4.911047338759626
multa,4.975770249002343
multe,4.852249630251898
multi,4.972453017495716
multo,4.854277103682578
mundi,4.6718118397512525
munga,4.661066654509508
munge,4.542726721184946
mungi,4.6589367211456265
mungo,4.539562985998334
munii,4.539023327523845
munse,4.867412871446598
munsi,4.983914280175237
munta,4.941383722032036
munte,4.82275818209347
munti,4.944169607964971
munto,4.821513116313817
muoia,5.410508020178266
muoio,4.599336281304923
muone,5.092192902305902
muoni,5.2011800560362325
muore,5.277013841061595
muori,5.378906869222789
muova,4.781809442811841
muove,4.684490661992397
muovi,4.792510658497309
muovo,3.8940549668822175
murai,5.310685740564917
murge,4.763976375803717
muria,5.4405301175850544
murie,5.334446526495517
murmi,4.343494225477962
murra,4.463550464049774
murre,4.342981433507737
musai,5.160690434484331
musco,4.804550775726909
musei,5.165543081890376
museo,5.05399666483803
mussa,4.323752235400398
musse,4.199920922352215
mussi,4.320589040926897
musso,4.202957817197678
mutai,5.0882254150550414
mutua,4.045788289133172
mutue,3.926464436510998
mutui,4.049116199241421
mutuo,3.926933699774052
nabla,4.576881062618242
nabli,5.322052965741867
nadir,5.0648263293388
nafta,4.49657581049435
nafte,5.087347963679641
nahua,3.9425773287224226
naibi,4.97990488849131
naide,5.557474280060516
naidi,5.045268962571764
naira,5.418630172634796
nakfa,3.6606198606056397
nanfa,3.796279740964203
nanfe,4.388965805199822
nanna,3.3724712722658774
nanne,3.9680500503008003
nante,4.8348287362541305
nanzi,4.389138888536645
napea,4.808179017196173
napee,4.669713784715758
nappa,3.833823459229445
nappe,4.4257252222422565
nappi,4.578819289131705
nappo,4.405927515396543
narco,5.6021231458984655
nardi,5.5777830485836795
nardo,5.418762424285067
narra,4.405454375496123
narri,5.149482930273378
narro,4.981727171880907
nasai,5.2072238298586795
nasca,4.873005509628296
nasce,5.468143908943542
nasci,5.619944085798537
nasco,5.4470483684214495
nashi,4.96291939115035
naspi,5.441377036143579
naspo,5.271812000775946
nassa,4.276743739682846
nasse,4.868991586393354
nassi,5.021267024902873
nasso,4.850237857835769
nasua,4.712920351099698
nasue,5.284151159392452
natai,5.150561983080775
natia,5.16187310016928
natie,5.739317903751651
natii,5.213612637076822
natio,5.707236171481577
natta,4.205850274491511
natte,4.80225115059389
nause,5.383789269998035
nauta,4.785816976138077
nauti,5.523449451152428
ndoga,4.845016973380712
ndoge,4.753726702122843
ndogi,4.8451427352847345
ndogo,3.9640781150082915
nebbi,4.346210091857361
necai,5.513145885067805
necce,3.785009718228104
necci,4.680709162365356
nechi,4.641994699436542
negai,5.355957856941124
neghi,4.495424234993857
negli,5.250437953145821
nella,4.799655412253918
nelle,3.8981923040721065
nello,4.691276580533468
nembi,4.941016008217823
nembo,4.830972304103966
nemea,4.753982277716788
nemee,3.5782372265548856
nemei,4.75883813355407
nemeo,4.655048939555263
nence,3.8588322081696975
nenci,4.757234745789579
nenia,5.060819775662847
nenie,4.228980890795196
nerba,5.3592427313840005
nerbi,5.35491749692106
nerbo,5.252232903306657
nervi,5.271689686582757
nervo,5.168749546227568
nesce,4.566189853348249
nesci,5.467525118371003
nessi,4.867654917112673
nesso,4.763043905921299
nesta,5.547002292758514
nesti,5.549279671462095
nesto,5.446849302858344
netta,4.800817971361368
nette,3.8970444731099367
netti,4.8047972957412295
netto,4.696634583640333
neuma,5.148299009987327
neumi,5.15554713801373
neura,5.497335232735777
neure,4.61529404607591
neuri,5.498497257647278
neuro,5.377823818260511
nevai,5.166596886658212
ngala,4.527388503708458
nguni,4.011606629457527
nibbi,3.681332098700235
nicce,4.645448050361868
nicci,4.014616782695049
niego,5.3963768311582445
nievi,4.668204854778997
nievo,5.258669990604159
nimbi,4.274912474819662
nimbo,4.9022558228106625
ninfa,4.467318243375124
ninfe,4.361106469292258
ninja,3.990928119646294
ninna,4.044373462837609
ninne,3.9406624680284783
ninni,3.3034156329785405
ninno,3.9330784070025904
niobi,4.779435403134605
nisba,5.27207339243164
nitra,5.689717163096308
nitri,4.951175454410339
nitro,5.582578274562363
niuna,4.745022938734551
niune,4.6311081600201724
niuni,4.018424918916657
niuno,4.621662619475332
nivea,5.25049696642951
nivee,4.469576632148471
nivei,4.565108245445983
niveo,5.155622612810889
nobel,4.677591637947797
nocca,4.676573364943263
noema,5.482323279224107
noemi,5.516972998320044
noesi,5.7595916432491725
nogai,5.3479952666536175
noghi,4.507251215829654
nomai,5.395583948443756
nomea,5.394944324139677
nomee,4.638576168356328
nonio,4.168872301396659
nonna,3.9663381911150584
nonne,3.878292769392844
nonni,3.976947528866512
nonno,3.0234900945033782
noria,5.897140992891642
norie,5.842554142621612
norma,5.490349426307497
norme,5.403454564267662
normi,5.49785684070595
normo,4.549824259103724
norna,4.996407229089327
norne,4.909237184268789
notai,5.582072483223639
notta,4.800252892535775
notte,4.715182971369875
notti,4.814988510862988
notto,3.866251938506333
novai,5.159171060628418
novio,4.403132539927831
nozze,3.942182248108984
nuche,4.056978752630494
nudai,4.89543741059234
nugae,4.846285421945921
nulla,4.330308592737971
nulle,4.204117242903948
nulli,4.326343575269167
nullo,4.204246329018522
nummi,4.040640281482966
nummo,3.917353429246269
nunci,4.2906570822866055
nunzi,3.768120087915633
nuoce,5.115935455572604
nuoci,5.233640028350284
nuora,5.437740081950759
nuore,5.340890693358398
nuota,5.3026319558075485
nuoti,5.31996515302613
nuoto,4.4188423096971
nuova,4.870768747546863
nuove,4.7727088645724605
nuovi,4.8837029512354775
nuovo,3.985075304620495
nurse,5.148992671518855
nutka,4.185215772771192
nutra,5.155229999373532
nutre,5.03217091693064
nutri,5.149158866711482
nutro,5.032767076624026
nyala,3.9786600240003107
nylon,2.9398592705542073
obbli,4.268834491482382
obeli,5.273079836198
obelo,4.466402273275415
obera,5.398623465578007
oberi,5.406276718770314
obero,4.6029459975847535
obesa,5.280435091354794
obese,4.509745429731656
obesi,5.294290301578832
obeso,4.4886151918463995
obice,5.174006186443951
obici,4.629687251659929
obiti,4.719321593518332
obito,4.550460147891565
oblai,5.183474190869648
oblia,5.314010725708682
oblii,4.683330999168582
oblio,4.5182862796590335
oboli,4.6343549240162565
obolo,3.4984995545143853
ocche,3.690150794857907
occhi,3.7841891757244026
ocimi,4.723935677133318
ocimo,4.555047307487389
ocrea,5.592351439271493
ocree,4.828793179055283
oculi,5.139928178057449
oculo,4.281235303395144
odano,4.5715222335789205
oddio,3.698102140532833
odiai,4.8327535622017805
odici,4.671000908188147
odila,5.419020660709906
odile,5.32938325228061
odili,4.7769881321329635
odilo,4.613087658394862
odimi,4.558158053009732
odine,5.281434895698246
odino,4.562829037638237
odire,5.465072596929206
odita,5.3955281166531135
odite,5.310596943666915
oditi,4.757701943566546
odito,4.592685914321064
odiva,4.98057462712602
odivi,4.338281048722635
odivo,4.175379191952863
odono,3.513067056566804
odora,4.825311705949412
odore,4.738939011149297
odori,4.818969175965303
odoro,3.6918651591443
odrai,5.413826601349663
oecio,5.0281597466808
offra,4.279778691831084
offre,4.182058375242103
offri,4.269822110518003
offro,3.4204473684928813
ofide,4.8939978853219
ofidi,4.343492797059713
ofite,5.180593239806461
ofiti,4.633835870859479
ogiva,4.960472767670868
ogive,4.871590298555941
oiana,5.391312027304397
oidio,4.295683917075755
okapi,4.660397921847834
oleai,5.520728480088324
olfai,5.048559662488087
oliai,5.1047044292141495
olino,4.808966907312427
olire,5.6971834990822785
olita,5.665835829726546
olite,5.58171508256285
oliti,5.030967064506209
olito,4.8631288380005335
oliva,5.2492815746615396
olive,5.1568589467642
olivi,4.609893867463777
olivo,4.44221720032802
olmio,4.603219914782877
olona,4.888701092085951
olone,4.801593663731474
olora,5.058715029713818
olore,4.972744199025585
olori,5.055131819191531
oloro,3.924237631856046
oltra,5.475212652944618
oltre,5.380095173304663
omaha,4.12153750772802
omani,5.483772532951827
omano,4.641224910286834
omari,5.659855429417982
omaro,4.827709668457596
omasi,5.550963212726788
omaso,4.717523381523324
ombra,5.008085936566295
ombre,4.909889964910236
ombri,4.998549269331843
ombro,4.145319174026789
omega,5.087943149646492
omeri,5.53496088787925
omero,4.732546786400224
omese,4.64707376756183
omesi,5.429107400921265
omini,4.811030262783649
omino,4.640276894929928
omise,5.4334708127867
omisi,4.8834789861001
omnia,5.409785065937765
omone,4.633677576121427
omoni,4.721518118005733
oncia,5.426091751214175
ondai,5.100587957670446
onera,5.637616073983976
onere,4.866283284882389
oneri,5.644008865058366
onero,4.8431954330966525
onese,4.767657507306564
onesi,5.550356501464683
onice,5.43310907653547
onici,4.883771021960612
onora,5.006447291823595
onore,4.9201267358633585
onori,5.0041632188428675
onoro,3.875225083870607
onrai,5.598707594252558
opaca,4.7410513596632535
opaci,5.38894816655999
opaco,4.546827152951738
opale,5.355783843913089
opali,5.48421262642478
opata,4.826945519882828
opera,5.4820750454443
opere,4.710240026096698
operi,5.487889487499299
opero,4.689385428285703
opica,5.352523580092739
opici,4.713499878992768
opico,4.545353943112967
opima,5.233083620274798
opime,5.143451287988219
opimi,4.593305612224697
opimo,4.4253175487243
opina,5.4078631520916
opini,4.770516899820242
opino,4.60261308384816
oppia,4.558238425409523
oppio,3.762264782618862
optai,5.2147892993781575
oraci,5.819548485960743
orafa,4.818572103697821
orafe,5.334744228533747
orafi,5.457595127107865
orafo,4.624282934126228
orala,5.237849276704094
orale,5.757013853943507
orali,5.876844441425658
oralo,5.0444159961439405
orami,5.691390069306827
orane,5.726924857535138
orano,5.013211495612127
orare,5.0791115263054145
orari,5.199625090271254
orata,5.258584743648377
orate,5.778607980237012
orati,5.899163508783405
orato,5.066638894949229
orava,4.830254274128978
oravi,5.468411561826014
oravo,4.635041798219499
orbai,5.349495164795021
orche,4.640657574557387
orchi,4.7274548259947755
orcio,4.918467200587396
ordii,4.865857924501358
orfea,5.271588783688844
orfee,4.508803543376225
orgia,5.554266792494316
oribi,4.899635174588766
orice,5.709589871153925
orici,5.153839637463917
orige,5.501835235271379
origi,4.946565139242575
orina,5.82306678242166
orine,5.737064031100551
orini,5.180078900285229
orino,5.019708578159171
orlai,5.671978360062807
ormai,5.477148980351529
ornai,5.659821288951872
orobi,4.804686026849008
oroci,5.059917465914847
oroki,4.29623579733344
oroma,4.9271353655936805
orome,4.842742459976342
oromi,4.927514858760253
oromo,3.793471068413158
orrea,5.061320298803472
orree,4.299002129155217
orrei,5.071862395103421
orreo,4.272609373529754
orrii,4.539097768035634
orzai,5.106552891791518
osaci,5.6097098626012025
osage,5.274468424742918
osagi,5.402327345332837
osala,5.049940783805585
osale,5.5718459945116745
osali,5.698587922545804
osalo,4.863120523830271
osami,5.486362738284805
osane,5.52656522824452
osano,4.818896615111288
osare,5.711561661119064
osata,5.051666292983784
osate,5.571313450769778
osati,5.697176528531846
osato,4.863013201033053
osava,4.623624415156295
osavi,5.267879220945278
osavo,4.4331204566960265
oscar,4.880449317028092
osche,4.412872579699741
osino,4.820263348869534
osmio,4.584295522509738
ossea,4.8482241949349785
ossee,4.085629543543125
ossei,4.86664810694377
osseo,4.06181752885007
ossia,4.965888602345703
ostai,5.4295076061110805
osteo,4.6569401502032495
ostia,5.555809579761643
ostie,5.480669307790646
ostio,4.767540800066122
ostri,5.4823836001300235
ostro,4.636004483791692
otica,5.532126757755934
otici,4.895494485029218
otico,4.727528686369106
otide,5.2530230761619245
otidi,4.70076286368794
otite,4.89366206625632
otiti,4.343260796815451
ottri,4.800732672732662
ovaia,4.869397635183498
ovaie,5.295895699618216
ovaio,4.701749456072072
ovale,5.199734796224605
ovali,5.328832489767813
ovari,5.46983444671089
ovata,4.674785923126214
ovate,5.194042957586792
ovati,5.321176404419442
ovato,4.482843108271888
ovest,4.604115206018289
ovile,5.206983088913736
ovili,4.659728487180312
ovina,5.252550010701301
ovine,5.162722165231265
ovini,4.616801267795307
ovino,4.447961925140984
ovoli,4.561925500446624
ovolo,3.42609084728183
ovula,4.856114567906966
ovuli,4.8580738493815625
ovulo,3.99979647871248
ovvia,4.3356094173870225
ovvie,4.258453026188028
ovvii,3.712180134663829
ovvio,3.543530421545055
oyana,4.191296006904901
ozena,4.962297878948998
ozene,4.194323240673937
oziai,4.527005613190407
ozino,4.261663025768328
ozoni,4.340225525290947
ozono,3.2024438686933983
pabbi,4.366782738859627
pacai,4.952611548456405
pacca,3.9584631344497274
pacco,4.534560296771666
pachi,4.678353857901209
pacia,4.96265438490071
pacio,5.511450412783734
pacta,4.686916601118823
padda,3.688248588164728
padre,5.248071409251788
padri,5.3929601591813
paese,4.929579135466675
paesi,5.757166186231528
pafia,4.623922173681307
pafie,5.199327383194678
pafii,4.676783672202292
pafio,5.172716088624574
pagai,4.78791072086667
paggi,4.458642234503301
paghe,4.371133684031543
paghi,4.525679005454413
pagri,5.434012367465806
pagro,5.270834819793692
paini,5.168979954202764
paino,5.6584933623272216
paisa,5.183461746673434
palai,5.079828956163712
palco,5.316016856887209
palea,4.974695740537
palee,4.836682282732516
palei,5.682958528500337
paleo,5.504892082701525
palio,5.642384369923964
palla,4.102351562037978
palle,4.697339537116314
palli,4.853738495306668
pallo,4.679640081338172
palma,4.615018113547654
palme,5.207615859254646
palmi,5.364331808918494
palmo,5.188884326321711
palpa,3.995401026920119
palpi,4.745231847483784
palpo,4.572956483121355
palta,4.824523352370095
palte,5.418172442979397
pampa,3.7436522330835365
panai,5.045819753345591
panca,4.699178386019838
pance,5.295376033729168
panda,4.512824603898899
pande,5.108568473405135
pandi,5.261509720318671
pando,5.092214455423662
pania,5.0495059290885544
panie,5.634780202019877
panna,4.029454463362537
panne,4.6260935712754065
panni,4.782530923725713
panno,4.606514799040937
pansa,4.816184192126799
panse,5.411650837241554
pansi,5.5609767478123056
panso,5.390639492072837
panza,4.186526843604432
panze,4.783521031919401
paoli,5.754018846641105
paolo,4.869205877279438
pappa,3.0742982608119753
pappe,3.665933226971915
pappi,3.8212619675020734
pappo,3.6488082902198733
papua,3.7330424840526018
parai,5.251719760524202
parca,4.915832262645979
parce,5.511382592363554
parci,5.661448934335058
parco,5.496890288124113
pardi,5.474067322301749
pardo,5.312044704845235
parei,5.854734831779348
pareo,5.681798905678808
paria,5.262348730739376
parie,5.8451514754062215
parii,5.3154281347423655
pario,5.814769213822121
parka,4.164527180000509
parla,4.983470487354777
parli,5.722331897469263
parlo,5.560739238487242
parma,4.792090837541698
parme,5.387554132048462
parra,4.300746098448708
parre,4.896740646379284
parsa,5.033896881174536
parse,5.6281767579000235
parsi,5.769793364800579
parso,5.611479420046036
parta,4.9971489246243666
parte,5.592677812294375
parti,5.737626083342111
parto,5.576418111577127
parva,4.573167481740418
parve,5.169822261172958
parvi,5.315772601262964
parvo,5.152493375194565
pasca,4.75668289938287
pasce,5.351476312722923
pasci,5.502624220976367
pasco,5.33358697718682
passa,4.150994011850197
passe,4.742148269821628
passi,4.89456592252821
passo,4.725675954490082
pasta,4.839844742553145
paste,5.435806600193592
pasti,5.581620553234707
pasto,5.417827563797412
patia,5.044925415781955
patie,5.622804866231936
patii,5.097504506349172
patio,5.594189566362712
patre,5.529851422328142
patri,5.676827065016956
patta,4.084597889179696
patte,4.680455448587461
patti,4.833623221414686
patto,4.663376436886237
paura,4.811808278983056
paure,5.378545725211518
pausa,4.6914470884880854
pause,5.256317899515487
pausi,5.425964489613613
pauso,5.238756253273415
pavia,4.614203106504949
pavie,5.192483959466478
pazza,3.3175059467376213
pazze,3.9107853004441147
pazzi,4.062087095883961
pazzo,3.8935186440928566
peace,4.776327085409476
peaci,5.646829436543417
peana,5.04636013180068
peani,5.707662210678177
peata,5.076926311510101
peate,4.860965556862788
pecca,4.553503407844979
pecce,3.6545353777826803
pecci,4.55231555540723
pecco,4.4484916668979135
pechi,4.5248179906512185
pecia,5.514747855483423
pecie,4.6828158322357805
pedio,5.208122493450081
pegni,5.098169241400328
pegno,4.994199978297155
pekoe,3.694520105045589
pelai,5.528003612904245
pelea,4.882839618859753
pelee,3.7017700028314797
pelei,4.879577428235214
peleo,4.7807448665347545
pelle,3.804684780467469
pelli,4.707264773674423
pelta,5.424373246574664
pelte,4.519784637509339
pelvi,5.0059932627290715
penai,5.492650857673974
penda,5.114466362453849
pende,4.215799435163034
pendi,5.112570888590869
pendo,5.00902964648519
penei,4.842508398781211
peneo,4.740065951978447
penna,4.635364544340152
penne,3.7338390464268225
pensa,5.418574386324045
pensi,5.418042698997118
penso,5.313995631147744
penta,5.386887607525604
pente,4.4831847506060685
penti,5.389646247236419
pento,5.284865453224527
peoci,5.532136611230235
peone,4.756008316276794
peoni,5.595317397079702
peota,5.5912153177756325
peote,4.774349173192383
pepai,4.675555515431109
pepli,4.595366310108343
peplo,4.488492318168397
pepsi,4.606954897092928
perca,5.511355497591039
perda,5.326596961311149
perde,4.430495898405411
perdi,5.320845463665668
perdo,5.222540785927108
perii,5.167847313602758
perla,5.576933046046604
perle,4.677316826133137
perni,5.554120754747691
perno,5.450533356158824
persa,5.627071119969009
perse,4.726821698287252
persi,5.619992420592133
perso,5.523241349135702
pervi,5.163124565747621
pesai,5.5444889910744815
pesca,5.352378834002615
pesce,4.4534385730083
pesci,5.35474743686597
pesco,5.249349153848679
pesta,5.433538213905966
peste,4.532218246042336
pesti,5.436437729230003
pesto,5.334600589105731
petai,5.471473403531547
petti,4.68452255094693
petto,4.5773694004218415
pezza,3.9099786095385367
pezze,3.0111449067978944
pezzi,3.91210349202425
pezzo,3.8068491128828796
phone,4.469380169384482
photo,3.6981440383920767
phyla,3.4527229824125194
piace,5.598496475224263
piaci,5.030087770831047
piada,4.8749492003064585
piade,5.415087874386022
piaga,4.854849375090291
piago,5.3861795644837756
piala,5.160423640230719
piale,5.703330113440217
piali,5.131475871446717
pialo,5.690243829273432
piami,4.910430933301788
piamo,5.469050341722698
piana,5.1166643738428315
piane,5.660675065594843
piani,5.086405728146425
piano,5.646872816557071
piare,5.8446740750580135
piata,5.146627926578858
piate,5.690092381278288
piati,5.116518495018335
piato,5.6785523588269164
piava,4.715663214452968
piavi,4.687111682410475
piavo,5.2470224397306975
picca,4.619312338179654
picce,4.5127955000383135
picco,4.510238901173504
picea,5.475994789268824
picee,4.694093345266381
picei,4.7945585631304475
piceo,5.383051491828832
piche,4.486876330573808
pichi,3.860636320484355
picio,4.87977234633275
piede,4.586953529767487
piedi,4.691305130322032
piega,5.356977597823048
piego,5.266845967227487
piena,5.628912125006869
piene,4.837232968447118
pieni,4.9431006695457915
pieno,5.53542754933794
pieri,5.11275712978073
piese,4.890208920159832
piesi,4.995641961937907
pieta,5.6517175631740235
piete,4.858189202490153
pieve,4.432566934367064
pievi,4.540969078073495
pighi,3.7053057640769747
pigia,4.819480896621456
pigii,3.6893398245083002
pigio,4.716635320251426
pigli,4.473866634119993
pigna,5.165336148459056
pigne,5.061255810164919
pigra,5.350805571991431
pigre,5.243728991801158
pigri,4.607877753048694
pigro,5.240329089824804
piino,4.980755538733216
pilai,4.9156643146522745
pilei,4.927801016741595
pileo,5.5182753083087634
pilla,4.776278640132268
pilli,4.036615627400239
pillo,4.663771661224615
pinai,4.875547880643428
pinca,5.37211969585212
pince,5.26534604350407
pinco,5.260868698326075
pinea,5.5711633672791026
pinee,4.789593145428745
pinei,4.8853584515905695
pineo,5.475072863096961
pinna,4.6995991770543935
pinne,4.596900311711428
pinsa,5.483373476330597
pinse,5.379757318514271
pinta,5.4537199672667045
pinte,5.350610494146314
pinti,4.71287635641455
pinto,5.344563184969229
pinza,4.852474006065251
pinze,4.7474573324251805
pinzi,4.107836161089059
pinzo,4.741140444736693
pioda,5.394522432799872
piode,5.315666704304471
piola,5.684428759068873
piole,5.606617283655039
pioli,5.010698413292028
piolo,4.849290449787242
pione,5.5716590913097646
pioni,4.9726749949321665
piota,5.670830744298305
piote,5.592519592064169
pioti,4.997058610167464
pioto,4.834846031856646
piova,5.246058403016622
piove,5.166915850897101
piovi,4.5741092305845825
piovo,4.4111989334874995
pipai,4.062180065682019
pipia,4.262562815597924
pipio,4.159344272902079
pippa,3.7407094592238113
pippe,3.633606476123751
pippi,3.0007544200464666
pippo,3.6302165258582506
pipra,4.796096045569535
pipre,4.690034937723663
pirla,5.6502412316705755
pirli,4.909776399801703
pirlo,5.541719369350381
pisce,5.31705747730912
pisci,4.68593428067078
pissi,4.075006762035418
pista,5.501515209545715
piste,5.398184078724689
pitia,5.061821361489501
pitie,4.969959589325312
pitta,4.7471717989432145
pitte,4.642960854154327
pitti,4.009681679680432
pitto,4.640073274611843
piuma,5.095202640174626
piume,4.982021339551735
piumi,4.371483206448352
piumo,4.974348835685194
pizia,4.5069516462414985
pizie,4.41424212090903
pizio,4.4033057048767485
pizza,3.977154661302163
pizze,3.8728065482177936
pizzi,3.2335437234568776
pizzo,3.867152904790565
placa,4.625597835997532
place,5.181759681922218
placo,5.179415592100019
plaga,4.423688616015943
plagi,5.110724872496355
plana,4.65076411662379
plani,5.341537696302739
plano,5.204150207909497
plebe,4.049287146817099
plebi,4.897210026424474
plica,5.27119872444128
plico,5.158018162617569
ploia,5.497192252918889
ploie,5.423293084253213
plora,5.399050875856467
plori,5.396429180186644
ploro,4.513793085039114
ploti,5.275509308289059
ploto,4.386929269730119
plugo,4.463185187950893
pluvi,4.445177236430083
pocci,4.559882841997335
poche,4.436176097233384
pochi,4.534721696449456
podio,4.424487432512048
podza,4.481310785209879
podze,4.396295732823926
podzi,4.4902701830204546
podzo,3.546186955350948
poema,5.358894241613378
poemi,5.394239938672374
poeta,5.573832315299524
poeti,5.60676029524858
poeto,4.714389942805342
pogai,5.221439263934804
pogge,4.219751338224756
poggi,4.315729271681833
poghi,4.3836765824843855
poise,5.6441076099007885
poker,4.2135322301310065
polca,5.3257509830569285
polii,5.0051576094495465
polio,4.75546965543795
polka,4.573616619031384
polke,4.488199167198428
polla,4.692169385776257
polle,4.606932361887521
polli,4.704143016803449
pollo,3.751214599138293
polpa,4.586065099704047
polpe,4.5001101032325295
polpi,4.595197869603306
polpo,3.6466598428614425
polsi,5.457301878652201
polso,4.5140859902137995
polta,5.410364914628717
polte,5.325288740947098
polve,4.907324471202333
polvi,5.000708288711887
pomai,5.267677492015379
pomfi,4.7272072493728015
pomfo,3.779062964738687
pompa,4.3375405384632515
pompe,4.253568846308347
pompi,4.350277536027204
pompo,3.4022054010728557
ponce,5.2033015442205794
ponci,5.305139854506502
ponda,5.106199964670464
pondi,5.114980201666151
pondo,4.16606913672743
ponfi,4.9406257917487695
ponfo,3.986563017492814
ponga,5.080314600401918
pongo,4.140307729755418
ponta,5.380750260652696
ponte,5.293099116178001
ponti,5.393788670531864
ponto,4.440985808819036
ponza,4.777728359943366
ponzi,4.788621083165965
ponzo,3.8351781306394876
poppa,3.6666315294958167
poppe,3.5817112138679286
poppi,3.679683633023518
poppo,2.730384327413974
porca,5.503413870625637
porci,5.509649301410847
porco,4.561634168418488
porga,5.30147351983354
porge,5.216605375587696
porgi,5.306663414045504
porgo,4.359128120257429
porla,5.569666951574218
porle,5.48327334486038
porli,5.5733289077494135
porlo,4.626046833822886
pormi,5.388114026236488
porne,5.459962344587207
porno,4.603268595420597
porre,4.804189244880102
porri,4.895986510382346
porro,3.944679823296523
porse,5.537194751112618
porsi,5.6223086886484905
porta,5.583760918608656
porte,5.499672601034754
porti,5.590510748186981
porto,4.642820345996544
porvi,5.1692541259859315
posai,5.538216906025351
posca,5.3523144819500565
possa,4.746624075520073
posse,4.661927303193069
possi,4.758881302797229
posso,3.8092274387345864
posta,5.437021724996172
poste,5.355319558240677
posti,5.447869236432566
posto,4.502021887295962
potai,5.464651990157286
potei,5.501706729553841
potta,4.678397601667143
potte,4.593673855909773
poule,5.141123046596171
pozza,3.9076129907106756
pozze,3.8236137288430037
pozzi,3.9176998476261233
pozzo,2.9709435460583813
praho,4.716283142636148
prana,4.851020327136572
prasi,5.602542461560919
prati,5.586108386241717
prato,5.457267679893002
prava,4.470958772667474
prave,5.030239858731602
pravi,5.157005157609524
pravo,5.0270231606074685
prece,4.522239931329108
preci,5.36382765114405
preco,5.272318083847775
preda,5.188076835559307
prede,4.342147102811833
predi,5.180045055819363
predo,5.090648579338938
prega,5.168330966331037
pregi,5.159437805258376
prego,5.069692157358995
preli,5.42999057916446
prema,5.239752506909513
preme,4.393350037960272
premi,5.234099531887078
premo,5.140118663280964
presa,5.471381037799532
prese,4.6262925572031
presi,5.4631872771777426
preso,5.373662659191251
prete,4.60206013430264
preti,5.44542900704523
previ,5.020790679272989
price,5.363905775163241
pride,5.174647652076067
prima,5.3476867175521
prime,5.235033718502256
primi,4.641399603564294
primo,5.237079806707995
priva,5.136227915979553
prive,5.02104961682649
privi,4.429399773765533
privo,5.027428316597678
proba,5.126829725052551
probe,5.037501228870196
probi,5.132162542945509
probo,4.2440462552225915
proci,5.399985660248807
proco,4.513628802590651
proda,5.209772932410334
prode,5.1198010038231665
prodi,5.208349851598461
prole,5.365230068109292
proli,5.457472998402417
promo,4.379496708362451
prona,5.428812150217782
prone,5.34282339798051
proni,5.432511936424266
prono,4.547800809980346
prora,4.784031301067645
prore,4.695025253571008
prosa,5.498982431629549
prose,5.410054443769031
prosi,5.500847015910536
proso,4.616163310469994
proti,5.478067937516639
proto,4.592802000986354
prova,5.052872644579047
prove,4.963160393232071
provi,5.055838334569876
provo,4.172173491856208
prozi,4.878768551005873
pruda,4.805360702371182
prude,4.685763436221017
prudi,4.797819642073274
prudo,4.689014046520936
pruna,5.034232341036751
prune,4.914443016017296
pruni,5.028382798106584
pruno,4.916479213255003
psico,5.156756973627982
psoco,4.297500030071978
psofi,4.817477454894275
psofo,3.924792155877723
ptini,4.577807133662754
ptino,5.167932800535665
ptosi,5.2535066773999795
pucci,4.083246399315866
puffi,3.5971330575190836
puffo,3.4765942099313416
pugge,3.7172487839186394
puggi,3.8377466336436967
pugio,4.824473451719415
pugna,4.632389607519461
pugne,4.5118742238915885
pugni,4.630108197727309
pugno,4.512724945861063
puina,5.244675295563998
puine,5.1256341458874894
pulca,4.871325551661836
pulce,4.745474619469387
pulci,4.865057126364895
pulii,4.540701161310266
pulka,4.115005712513378
pulke,3.9910577575597674
pulla,4.234767384418016
pulle,4.109642871814253
pulli,4.231548657867155
pullo,4.110224308612065
pulsa,4.99233042153594
pulsi,4.987632185898104
pulso,4.8729366448212135
punci,4.83292116059869
punga,4.621460852378095
punge,4.500892159726859
pungi,4.6170961198619525
pungo,4.496903471978618
punii,4.50648254960331
punse,4.829270861840162
punsi,4.946695494081114
punta,4.915589102324161
punte,4.796808236171358
punti,4.917605950699498
punto,4.79646743215907
puppa,3.206453469482574
puppi,3.203521742339623
puppo,3.0842753489575756
purai,5.274516525347434
purea,5.279254188109988
puree,4.444244054516454
purga,4.840111879710819
purgo,4.719032893201784
pussa,4.280177804822723
pussi,4.280015541252887
pusso,4.1586026782588625
pusta,4.967624970494252
puste,4.849974338191495
putai,5.055614916690423
putii,4.4955537513346
putre,4.93626321841507
putri,5.051723396913843
putta,4.2073689051950485
putte,4.087896602515657
putti,4.211874454614848
putto,4.091218406309397
puzza,3.4423353206966745
puzze,3.3201444722027618
puzzi,3.4387839061372234
puzzo,3.3209652656916364
qasba,3.862952845313861
qasbe,4.455381531739238
qibla,4.496901114016164
quada,3.68704502602407
quade,4.233077375191795
quadi,4.384654329683294
quado,4.22738412753484
quale,4.512184839038597
quali,4.665322084951047
quare,4.661958301260478
quark,3.4432166849452015
quasi,4.6950204670562545
queta,4.492232258049114
queto,4.3880662113861035
quici,3.838828585741809
quija,3.6835545207824674
quije,3.563392737981488
quiji,2.9924229281885713
quijo,3.5666437329205722
quina,4.581364575984198
quine,4.462273633024998
quini,3.890245876467455
quino,4.464524490013685
quita,4.617165661865125
quiti,3.930141829122745
quito,4.503938534222372
quivi,3.4977015281550408
quota,4.511583973490755
quote,4.414803516378173
quoti,4.529511033193108
quoto,3.6243493658147163
rabbi,4.711452436562917
rabia,5.068016724309002
racca,4.30557571811475
racco,4.88132728469785
racla,5.0088835508141845
racle,5.595595604088643
radia,5.091004759925788
radio,5.637577565170613
radon,4.851721298368148
raffa,3.824133357858867
raffe,4.411697910373151
raffi,4.5583523710607325
raffo,4.396639660556569
rafia,4.971797145503058
rafie,5.547822659814941
raggi,4.797565404006566
raghe,4.712870672306958
ragia,5.142848233120193
ragie,5.719716257176193
ragli,5.588707107718433
ragna,4.821986339636177
ragne,5.417465669507016
ragni,5.559743419494464
ragno,5.395451745712798
raiai,5.041384063585283
raide,5.776589045871756
raidi,5.257238714220176
raino,5.9768128537312295
raita,5.4839628685021635
raiti,5.530249577413511
raito,6.02970342136936
ralla,4.397281344142239
ralle,4.991674021369119
ralli,5.139495112955248
rallo,4.975195727406143
ramai,5.160195928403766
rambo,5.128493631956256
ramea,5.063061132849133
ramee,4.924514623246487
ramei,5.758363788086296
ramen,5.081726307440606
rameo,5.588971492023361
ramia,5.182856736051268
ramie,5.760531469432279
ramni,5.615754693748747
ramno,5.44746329268654
rampa,4.643912808102665
rampe,5.236158559060074
rampi,5.377356002492604
rampo,5.21581900320503
ranca,5.02046831780645
rance,5.618666974570932
ranci,5.763980335132823
ranco,5.598031224644967
randa,4.8327352063459
rande,5.430141689333619
ranfi,5.400949429034074
range,5.4120455801733
rango,5.390213941283176
ranni,5.09516683999818
ranno,4.928237703172026
rapai,5.132784287582387
rapii,5.191527408790588
rappa,4.05381339977675
rappe,4.646927029983529
rasai,5.4029136276872505
rasce,5.675917962270784
rasoi,5.849793304693828
raspa,4.906742270379288
raspe,5.503279781011567
raspi,5.638204364336146
raspo,5.482385022529532
rasta,5.155698660941033
ratea,5.265787274312741
ratei,5.962957756247841
rateo,5.791795609425048
ratio,5.929627371273695
ratta,4.418956612588826
ratte,5.0135462993714945
ratti,5.158025120041014
ratto,4.996859460044036
rauca,4.915155210771356
rauco,5.465529821029006
razza,3.659821995234598
razze,4.251559896250505
razzi,4.395523503404192
razzo,4.23369862725862
reale,5.17946268747414
reali,6.043921429727291
reame,4.9983733739209395
reami,5.865963266632358
reati,6.065486936619879
reato,5.920265061398479
rebbi,4.5619832101622695
rebus,4.497502692006644
recai,5.721149904911672
recei,5.075476721415321
rechi,4.851490590108388
recto,5.507710433161734
redai,5.519694919185148
redii,4.984086528487499
reese,4.095425939563372
reesi,5.265864352711935
regga,4.652855221581714
regge,3.755208735547222
reggi,4.643642709776685
reggo,4.544691529807223
regia,5.689378784397033
regie,4.857876771317551
regio,5.592584961843505
regna,5.418623430157015
regni,5.408721373231634
regno,5.312316839489994
reide,4.918383261302618
reidi,5.10560503174104
reiki,4.542907714263378
relax,4.5078957638165384
remai,5.60399942049707
renai,5.797614708924691
renda,5.434005840931546
rende,4.536689244745949
rendi,5.41933068009221
rendo,5.3267034488794485
renio,5.82349085409728
renna,4.954225205251105
renne,4.053957471626154
rensa,5.732981455455494
rense,4.83332776207657
repli,5.44957189053207
replo,5.351243894066781
requi,4.5830636729504075
resca,5.672243606955309
resia,5.97877760375071
resie,5.144365562696465
respi,5.490747921220029
respo,5.395509236922845
ressa,5.071268372937805
resse,4.169173870090464
ressi,5.063683531789649
resta,5.746784348610327
reste,4.841746117658036
resti,5.740497423822368
resto,5.646631478464381
retai,5.804764844315196
retea,5.161227374859266
retee,3.9860084839326904
retei,5.1583477705724095
reteo,5.0624623188800895
retri,5.0254839101935636
retro,4.921906031251049
retta,5.009849183480772
rette,4.10699522313499
retti,5.007287021189181
retto,4.9049286814364175
reuma,5.367537777615955
reumi,5.3713280864552475
rezza,4.247954482942201
rezze,3.3500720114392424
rezzi,4.2435916728837375
rezzo,4.142060719628509
riale,5.996617891127329
riali,5.425955789939205
riama,5.278974833404045
riami,5.249285176790604
riamo,5.809216736827538
riara,4.810519519966399
riari,4.7810990875223
riaro,5.341854372783581
ribes,4.989650380390015
ricca,4.958478312186609
ricce,4.853155150845209
ricci,4.220022802232403
ricco,4.850512982161054
ridai,4.902342907326417
ridda,4.6832122615319465
ridde,4.578918976661881
riddi,3.9374506389600006
riddo,4.571793181133803
ridia,5.105921938316343
rieda,5.716341466106599
riede,4.926143474854113
riedi,5.026396713306162
riedo,5.623468443505982
riera,5.30930347219537
rieri,4.621427641200951
riero,5.215275323009332
rifai,4.783749905254962
riffa,4.476653480171735
riffe,4.371019884478183
rifui,4.386903743124095
rigai,4.949941802316904
rigge,4.609601442726341
righe,4.6698590027877165
righi,4.038101472017701
rigna,5.477706276324366
rigni,4.7386815351689835
rigno,5.369913322450397
rimai,4.992259283866475
rioca,5.921073173950919
rioco,5.0891570108975985
rioda,5.733601397146224
riode,5.655754305474839
riodi,5.056246032504498
riodo,4.899356702091948
rione,5.886568553054942
rioni,5.286581542360486
ripii,4.035882462507903
risai,5.236802612340134
risei,5.250430164950615
risia,5.446676390559602
risii,4.320232951589467
risma,5.614569728223754
risme,5.512631699626177
rispi,4.822551348244047
rissa,5.136447315982658
risse,5.031494998844711
rissi,4.3968997362495115
risso,5.026587038148631
ritma,5.567246076179075
ritmi,4.827841978594186
ritmo,5.459533498887315
ritta,5.07415335171064
ritte,4.9720255257328
ritti,4.337200985021452
ritto,4.9686324857863875
riusa,5.678039076058362
riusi,4.954694339392046
riuso,5.561141073160405
rivai,4.764108273315455
rizza,4.313328580355657
rizze,4.209287226994258
rizzi,3.5691573587540066
rizzo,4.202461627006186
roana,5.362105287681442
roane,5.879212260290758
roani,6.007915833620364
roano,5.094761293820612
robbi,4.5685189302996525
robot,4.059589268167353
rocca,4.891861044286726
rocce,4.807529791293939
rocco,3.956999202761794
roche,4.769416632598862
rochi,4.858929027358759
rodai,5.509728195927596
rodei,5.544716373487418
rodeo,4.661343674758666
rodia,5.621165939821418
rodie,5.563297348179998
rodii,4.99171088706104
rodio,4.757088764000202
roese,5.192492974780643
roesi,5.965144939003495
rogai,5.5534813375127605
rogge,4.562129652419565
roggi,4.650096885700597
roghi,4.713468423171038
rogna,5.406169838183278
rogne,5.324602085124682
rogni,5.412926573590274
rogno,4.4712688734103665
rolla,4.985292795597951
rolli,4.988968750405117
rollo,4.04330105868201
romba,5.1454476267448745
rombe,5.060480649790414
rombi,5.1514357869544
rombo,4.210030434320211
romea,5.6058337430083816
romee,4.849401528929828
romei,5.630335615999291
romeo,4.741127523458417
rompa,5.233074403196112
rompe,5.148950068674441
rompi,5.236487645075983
rompo,4.298666351650588
ronca,5.6075853907217565
ronco,4.666621712383167
ronda,5.421395894868059
ronde,5.33385929405183
rondi,5.416554139027454
rondo,4.480998683390917
ronfa,5.245256717102365
ronfe,5.157137155628906
ronfi,5.249549295488616
ronfo,4.3057125305070105
ronza,5.089754726432635
ronzi,5.091816670277048
ronzo,4.146241673010222
rorai,5.169706112651608
rosai,5.8410961258293925
rosea,5.856030786952952
rosee,5.097338206663369
rosei,5.875632019519678
roseo,4.985478418293509
rospi,5.4985245839699255
rospo,4.562396883264036
rossa,5.073627951466064
rosse,4.988911737234206
rossi,5.074586439192928
rosso,4.135602239050096
rosta,5.749737700409388
roste,5.667008411868723
rosti,5.751774826602984
rosto,4.814152703162077
rotai,5.792848558885174
rotea,5.806044262555119
rotei,5.829935394937912
roteo,4.939156293256458
rotta,5.006701263702982
rotte,4.922741896440868
rotti,5.014531817682593
rotto,4.071791931678363
rouge,5.186872464314002
rovai,5.365744189521664
rozza,4.244995310706014
rozze,4.1595954198012395
rozzi,4.246582057799509
rozzo,3.3060254597925507
rubai,5.073219821628238
rubbi,4.089061914372642
rubbo,3.9804316551785512
rubea,5.075739913870949
rubee,4.240291318243061
rubei,5.0763213578795785
rubeo,4.969526326094194
rubli,4.8997384861106985
rublo,4.790987006208254
rubra,4.251997940505656
rubre,4.1261979400228626
rubri,4.241503689479067
rubro,4.1294338541708795
ruche,4.2739643257041315
ruese,4.698128448080175
ruesi,5.530216024902326
ruffa,3.9455830970033663
ruffe,3.8208196483905827
rugai,5.14983578638787
rugby,3.216632379899364
rughe,4.126864215171175
rughi,4.243124759080848
rugli,4.97110250668533
ruina,5.561597942394722
ruini,4.865981368620591
ruino,5.446825351198512
rulla,4.527881378039765
rulli,4.5162456180628965
rullo,4.404792844555873
rumai,5.188945964286184
rumba,4.6813200269793125
rumbe,4.559839499945302
rumme,4.126055242259489
rummi,4.241304543834475
ruoli,5.496244563383046
ruolo,4.6052418087453
ruota,5.511719394490996
ruote,5.415530514581761
ruoti,5.521150324669078
ruoto,4.625801606441261
rupia,5.284764142016393
rupie,5.175465973790976
ruppe,4.055121574419832
ruppi,4.1657813882724435
rusca,5.208613660265691
rusco,5.091193413140116
ruspa,5.033811182672547
ruspe,4.9107322785142715
ruspi,5.018281965646126
ruspo,4.913137035195674
russa,4.609018373859627
russe,4.484836013525747
russi,4.598053641277138
russo,4.48847177559703
rutta,4.54039103084959
rutti,4.535967036077609
rutto,4.42284947344293
ruzza,3.7848228654627687
ruzze,3.6615401692562126
ruzzi,3.773319966321202
ruzzo,3.6628801213457463
saale,5.363895157634209
saali,5.5401987805087805
sabba,3.944669618934441
sabbi,4.684867329764523
sabea,4.907255961599664
sabee,4.766412930148605
sabei,5.605473976461277
sabeo,5.434833111010056
sabia,5.035025920229486
sabie,5.604044866959048
sabii,5.085668120406483
sabio,5.580264639195641
sabra,4.914893254656401
sacca,4.281887664542439
sacco,4.857484248761157
sacia,5.2713275147514045
sacie,5.844422756386068
sacio,5.817258495326943
sacra,5.15231491142031
sacre,5.7419970065887815
sacri,5.88676676742265
sacro,5.727794713316524
saffo,4.371567096925904
sagge,4.619356339266371
saggi,4.768688356076501
saghe,4.683360025016571
saghi,4.835251698231953
sagii,5.1620119982983415
sagna,4.804959402680452
sagni,5.547790171440191
sagno,5.377815671933288
sagra,4.994425854245733
sagre,5.581607475879626
sagri,5.722365622851761
sagro,5.5665992845340435
saiga,5.16427906549382
saime,5.809329571181764
saimi,5.299141668076131
salai,5.381205341671946
salda,4.862517873206843
salde,5.454933981303227
saldi,5.607339269692763
saldo,5.440400853010897
salga,4.8477054420256005
salgo,5.42347024683812
salii,5.452144402358602
salio,5.944679520154489
salma,4.9272518131605665
salme,5.517175318964294
salmi,5.6718400240817095
salmo,5.502485343364832
salpa,4.877882346283042
salpe,5.469560659492637
salpi,5.6198866513469135
salpo,5.453793922042863
salsa,4.429234874127585
salse,5.023206184443789
salsi,5.175542203693178
salso,5.0074977292699465
salta,5.139403112639494
salti,5.881388893028771
salto,5.717310963996895
salva,4.716499843747914
salve,5.3077310857055355
salvi,5.461669825698961
salvo,5.293531372233295
samba,4.53507014788725
samia,5.164487730772942
samie,5.736035197493293
samii,5.21509094422911
samio,5.710625464930383
sanai,5.3530656531498195
sanie,5.938185390350974
sanno,4.919389354257504
sansa,4.393466370756774
sanse,4.990299588686455
santa,5.10211796689451
sante,5.697573893143098
santi,5.848212924121154
santo,5.6807987512591
saora,5.501102533985043
sapio,5.6612546244677295
sappi,4.770381571229728
sarai,5.553760520511973
sarda,5.037477187084999
sarde,5.629836986414234
sardi,5.7733171104437355
sardo,5.616722248905965
sarei,6.148073475406857
sarge,5.616120349169375
sargo,5.602520753555759
sarta,5.310775421110939
sarte,5.902255036185979
sarti,6.044315068036249
sarto,5.89025308272114
sassi,4.291335859514362
sasso,4.122485692158313
sauna,4.937674589055323
saune,5.5018784135091465
saura,5.108336085041944
saure,5.671365665462352
sauri,5.8318024452527375
sauro,5.657744085167161
savia,4.9262924041671585
savie,5.498958833400241
savio,5.473787605228854
sazia,4.787416672685179
sazie,5.361597768377729
sazio,5.336371786416723
sbafa,4.2449453129887305
sbafi,4.941203629129768
sbafo,4.804248458277438
sbava,4.259599591386597
sbavi,4.9561359768615825
sbavo,4.819464157850016
sboba,4.440399719579316
sbobe,4.344193411175893
sbora,5.403415964770623
sbore,5.305647812100365
sbovi,4.848046914801144
sbovo,3.959604699567267
sbuca,4.781848898823713
sbuco,4.662638420574349
scada,4.595860716190782
scade,5.157427496007851
scadi,5.292247450996093
scado,5.1581115368937205
scafa,4.432452542878535
scafe,4.989620496605202
scafi,5.130570191209218
scafo,4.994302009457713
scala,4.877118924762949
scale,5.442410034743522
scali,5.577386808235885
scalo,5.440412519448351
scana,4.834977729193876
scane,5.396409418458043
scapa,4.62180909922486
scapi,5.31754746335098
scapo,5.182797908198754
scari,5.707710489643988
scaro,5.579717480316663
scasa,4.17394515027769
scasi,4.870364118937925
scaso,4.734366847165656
scava,4.451034513537096
scavi,5.14943692535169
scavo,5.012396508465787
sceda,5.141498491305251
scede,4.2948461617421
scema,5.207637000307204
sceme,4.36333511140549
scemi,5.213438504277991
scemo,5.114672277107747
scena,5.387803400625142
scene,4.5444926755370965
scesa,4.708244586937684
scese,3.8644819067237113
scesi,4.712841605202413
sceso,4.614818161478872
schei,4.599757338012959
schwa,3.520449231829481
sciai,5.002158840582393
scifi,4.396682176655727
scifo,4.987315674141136
scipa,5.28841943130473
scipi,4.5880869597665015
scipo,5.177844407453514
scira,5.678438734303975
scire,5.562483981640236
sciri,4.97690581979021
sciro,5.571925588007866
scita,5.539033269083331
scite,5.420909301032578
sciti,4.841211289668482
scoda,5.1695277124419174
scodi,5.175974055690255
scodo,4.287737248059133
scoia,5.667387929275131
scoio,4.854213487576406
scola,5.453530637626753
scoli,5.465360799613368
scolo,4.574979973052884
scopa,5.194696776616124
scope,5.0996589791895675
scopi,5.202451743607611
scopo,4.310794240583805
scora,5.588559934389054
score,5.498703115060408
scori,5.593962929293754
scoro,4.709512001811885
scota,5.44619003025566
scote,5.355683818472399
scoti,5.455597604696097
scoto,4.564979187931549
scova,5.030322852862963
scovi,5.041730577237115
scovo,4.150810192740964
scuce,4.220082997308195
scuci,4.344132650787615
scuda,4.771468497861464
scudi,4.766035409543998
scudo,4.652719645846041
scuoi,5.065027431109316
scura,5.189206027119994
scure,5.066117922656424
scuri,5.18241737097842
scuro,5.075430872273834
scusa,4.347241943583838
scuse,4.221456834194534
scusi,4.346416409392615
scuso,4.2301611383544495
scuti,5.048567647838904
scuto,4.932907578360129
sdama,4.536296820648665
sdami,5.2338052960699954
sdamo,5.098475759356757
sdare,5.447821640060236
sdata,4.743468620051575
sdate,5.308110080442218
sdati,5.441699425376274
sdato,5.308725881179507
sdava,4.31743008202615
sdavi,5.0132272058480325
sdavo,4.878505122655195
sdazi,4.831345574636827
sdica,5.31289381798844
sdice,5.192137426111052
sdici,4.611069468388752
sdico,5.202009044989754
sdire,5.418559291021267
sdite,5.279377480986414
sdoga,5.026729395289797
sdogo,4.146936317311574
sdora,5.457969073868471
sdori,5.456951624732051
sdoro,4.578087802075177
sdrai,5.414136543362857
sduca,4.831176177846626
sduco,4.7139423098068916
secai,5.703972767901659
secca,4.875768272482724
secce,3.978230700798236
secco,4.773617127781521
sechi,4.837714819900135
sedai,5.493323197082979
sedei,4.84447007662258
sedia,5.605002537035104
sedie,4.775740706052345
sedio,5.515648080249175
segai,5.535345843414946
segga,4.618928729066824
seggi,4.616581465540444
seggo,4.513936652596144
seghe,3.7868384624459046
seghi,4.679987867814522
segna,5.4019440915682155
segni,5.398760361395683
segno,5.295359894191383
segua,5.165849993917901
segue,4.283057826836077
segui,5.168807310412195
seguo,5.051940646995812
seini,5.316793632915344
seino,5.856367819427618
selce,4.755881194339769
selci,5.651973361716856
selfa,5.288729586233734
selfi,5.286842820112772
selfo,5.184078138534189
sella,5.010011700321949
selle,4.110324322611959
selli,5.009680663675147
sello,4.905369155607883
selva,5.319359448318458
selve,4.418764902376871
semai,5.591720643246126
senna,4.9457114909176605
senne,4.04482777769399
senni,4.947204972279126
senno,4.83815168389439
senoi,5.67161143212797
sensi,4.9922512346104915
senso,4.886881083635777
senta,5.6993216924487
sente,4.79717049124619
senti,5.701239408975839
sento,5.596848811423063
senza,5.0921956206453185
seppe,3.724724786593287
seppi,4.623088252094899
sepsi,4.748787642876505
serba,5.5576595498253605
serbe,4.6589249637278884
serbi,5.554171784303401
serbo,5.45408700607841
seria,6.119295941674081
serie,5.286784020529499
serio,6.024851667806634
sermo,5.589638518273146
serpa,5.647118632855982
serpe,4.746089703703049
serpi,5.637896583301164
serpo,5.543311710949806
serra,5.183787432028569
serre,4.281847056456957
serri,5.1783527806502185
serro,5.0780460903509725
serti,5.89090442797273
serto,5.795173582745809
serva,5.4796813796059345
serve,4.578794097150344
servi,5.4712787457926
servo,5.373937034763861
sesia,5.239356493846834
sesie,4.405420322556156
sessa,4.134925591374431
sesse,3.232638209097697
sessi,4.137388556866463
sesso,4.031885620559712
sesta,4.997873760719592
seste,4.09606544581023
sesti,5.0011510110673125
sesto,4.899027104914375
setta,4.990841675985814
sette,4.089708086818627
setti,4.993581950901695
setto,4.889665135158402
sezza,4.217015915791053
sezze,3.318525056437199
sezzi,4.217404948228588
sezzo,4.1144911262064445
sfama,4.387249980945937
sfami,5.086233033266412
sfamo,4.948306753944211
sfare,5.3018049147205115
sfasa,3.897525426905981
sfasi,4.594458697645888
sfaso,4.45517909010548
sfata,4.60187215467628
sfate,5.163185973365592
sfati,5.30230087093069
sfato,5.164886229918355
sfece,4.209866127682217
sfeci,5.063552891084703
sfera,5.2803180948130946
sfere,4.432321274891987
sfida,4.972615667331855
sfide,4.852578914041042
sfidi,4.2698168289053084
sfido,4.861224183681101
sfiga,4.961951555546596
sfila,5.267843133499454
sfili,4.568190015939534
sfilo,5.1594877033292
sfina,5.219094489892581
sfini,4.519825042204418
sfino,5.108033769239283
sfizi,3.944721621972409
sfoca,5.081659492637605
sfoci,5.09429539867684
sfoco,4.202175286412964
sfoga,4.8762258431996885
sfogo,3.995588663219435
sfora,5.308416262777008
sfori,5.311300248353401
sforo,4.427544617221465
sfuma,4.557490649060739
sfumi,4.553655308895917
sfumo,4.437096920522803
sfuri,4.900958803881685
sfusa,4.069062646113968
sfuse,3.9417177409546817
sfusi,4.066871973392232
sfuso,3.947989650672249
sgama,4.5023673875194605
sgami,5.198768215894525
sgamo,5.06503306251844
sgara,4.853885247620667
sgari,5.541810017087325
sgaro,5.41686339126334
sgasa,4.012356959531104
sgasi,4.707697755968341
sgaso,4.572989594857015
sgela,5.265619960275789
sgeli,5.264620629829755
sgelo,5.16992347258448
sgola,5.2925699858129995
sgoli,5.298177670196372
sgolo,4.413299808360091
sgura,5.025501468513369
sguri,5.014306449872695
sguro,4.90748642944465
shake,4.042472857670451
shara,4.4645166807829515
share,5.026879314913429
shari,5.154258413531109
sharo,5.022300446570256
shina,4.940387458322123
shire,5.001598468998177
siamo,5.774897754462815
siano,5.9395014821678895
siate,5.999320205754984
siche,4.799836613525602
sicli,4.947547173979316
siclo,5.57405781764571
sidri,4.859473325479879
sidro,5.49589936701707
sieda,5.676467389525294
siede,4.883708056664292
siedi,4.99569459892572
siedo,5.5865210654256146
siepa,5.6946186254582845
siepe,4.902764021993268
siepi,5.015194568561818
siepo,5.605535064109875
sieri,5.401834181937023
siero,5.994557088982317
siete,5.165771571828908
sigla,5.515252042855307
sigle,5.405988450878598
sigli,4.779325520220257
siglo,5.407745519311422
sigma,5.299807448629431
sigmi,4.566029545221084
sigua,5.24857923091793
siici,4.2255204509765125
siila,5.4395633053767325
siile,5.32477486022181
siili,4.3159917626784345
siilo,5.333412606060664
siimi,4.099952475925151
siine,5.273609406744702
siiti,4.310652706813171
silfi,4.62628980449401
silfo,5.250975611403922
silli,4.344930901371802
sillo,4.968797513297635
silos,4.55119446324696
silvi,4.657334960484787
sinti,5.0330415208256944
sipai,4.941078431174939
sirma,5.76939995413789
sirme,5.6637014837436865
sirte,5.872814343031724
sirti,5.239714413378731
sisma,4.888521869000336
sismi,4.155522751584123
sismo,4.780761778398782
sitai,5.169021806447969
sitii,4.245435744869028
situa,5.489029723005789
situi,4.7696397573477505
situo,5.373269628648792
sizio,4.7080140834204665
sizza,4.2852482434485095
sizze,4.178457704908612
skate,4.794803169460854
skypa,3.3900176195857146
skypi,3.3787172759517525
skypo,3.276914789215528
slama,4.798841767417624
slami,5.494108555934191
slamo,5.3588068112702825
slava,4.583276635028964
slave,5.139703535042139
slavi,5.277044482149724
slavo,5.140119710641639
slebi,5.209385255934014
slebo,5.110261423834752
slega,5.2643028131126135
slego,5.167923479598049
slice,5.465310819112694
slide,5.263550707698144
sloga,5.295343677838994
slogo,4.4141674582089845
sluma,4.969600493228967
slumi,4.966232704453439
slumo,4.851293937657726
smaga,4.5266732631511575
smagi,5.2178849303887125
smago,5.084885233944989
smani,5.468651028822954
smela,5.364134630248126
smeli,5.368002427033917
smelo,5.270398935357943
smera,5.4954024604157565
smeri,5.491718200242723
smero,5.399602955979401
smile,5.3646012690227245
smina,5.432373581346731
smini,4.734302327472511
smino,5.323578317531826
smira,5.6091397019669795
smiri,4.906360538294587
smiro,5.502161680531089
smise,4.661377853282149
smisi,4.076566878567897
smoda,5.116364562162148
smodi,5.120759468426277
smodo,4.233939688583682
smoke,4.46143261165304
smova,4.969566404673203
smove,4.877799179183758
smovi,4.977921090078703
smovo,4.089060834779709
smura,5.126443180023959
smuri,5.117728780712027
smuro,5.011384267312938
smusa,4.29105426112221
smusi,4.288831551244716
smuso,4.173704396497794
snasa,4.240282381082396
snasi,4.933875181653358
snaso,4.795183001142344
sneva,5.0591341143696535
snevi,5.057479997783812
snevo,4.9595003545481475
snida,5.3141472182926215
snidi,4.610784658030682
snido,5.2022041363414875
snipe,5.217468460666902
snoda,5.234259891756813
snodi,5.235429615199581
snodo,4.3520170916194845
snuda,4.836321439761522
snudi,4.8252554853351635
snudo,4.7149537849396275
soana,5.332722140886914
soane,5.852760401144982
soani,5.989327807310609
soano,5.072497128493443
soave,5.473813680309414
soavi,5.607889230180768
sobri,5.503313694866406
socci,4.882216529006503
socco,3.9386311196828054
socia,5.8049471437385884
socie,5.752571574633483
socio,4.94491771948503
sodai,5.488135029306912
sodio,4.736786747122075
soffi,4.396860933318194
sofia,5.477557199244229
sofie,5.422772884640946
soghe,4.598392868263149
sogli,5.452905157655648
sogna,5.391306672119539
sogni,5.405719710835743
sogno,4.461403186586402
solai,5.813299051434977
solca,5.639426255236373
solco,4.705851582924801
solda,5.4511146176675265
soldi,5.460380295060166
soldo,4.517792623317273
solea,5.818144180092464
solee,5.062377484221348
solei,5.847661516224153
soleo,4.956020766811664
solfa,5.274911302404459
solfe,5.189320465545668
solfi,5.285216354168972
solfo,4.342544579997032
solgo,4.499246035722877
solio,5.066867146105482
solla,4.996538836932553
solle,4.913475412415789
solli,5.009330631721922
sollo,4.061454402555672
solta,5.726440951084193
solte,5.6423276776228155
solti,5.735215128920456
solto,4.793364023134906
solva,5.303177653760958
solve,5.220142017070099
solvi,5.314621958722377
solvo,4.371110640647477
somma,4.692824134615103
somme,4.609065924086925
sommi,4.707363554703188
sommo,3.76224169030256
somni,5.47009046038855
sonai,5.782694804918174
sonar,5.299940788511083
sonco,4.666310668824564
sonda,5.409671384400726
sonde,5.323119238223569
sondi,5.419051234725082
sondo,4.4743981094873915
songa,5.388073701323882
songe,5.3035407465920255
songi,5.399848165021998
songo,4.452352266151439
sonii,5.277728570887943
sonio,5.03063372007124
sonni,4.94705935087028
sonno,3.9970121549670106
sopii,5.036142145285507
sopra,5.588029307113936
sorai,5.983339516045124
sorba,5.5579112740279495
sorbe,5.471588362711329
sorbi,5.562235687979467
sorbo,4.6191628866127825
sorca,5.817844853194251
sorci,5.819908336722888
sorda,5.628455684710719
sorde,5.543639376686435
sordi,5.631093093102572
sordo,4.6915619668304975
sorga,5.610737172416599
sorge,5.524661513141489
sorgi,5.6123466456540125
sorgo,4.670218952795631
sorra,5.1801440992397065
sorre,5.093329069990912
sorsa,5.189467075219971
sorse,5.103983740385236
sorsi,5.1920502911818245
sorso,4.25024101391371
sorta,5.8994525019211155
sorte,5.813645092978468
sorti,5.900427593858898
sorto,4.95997072031745
sosia,5.2278878974344325
sosta,5.0076099371269995
soste,4.922886633377017
sosti,5.021012699123333
sosto,4.073704339140374
sotho,4.0116186132628835
sotta,4.995054340366643
sotti,5.006905341792719
sotto,4.063225614711061
sovra,5.401695980087272
sozio,4.462474589201659
sozza,4.216918430979718
sozze,4.132682528445322
sozzi,4.226359126746503
sozzo,3.283409332229037
spada,4.485145137349422
spade,5.045079756245694
spago,5.026882616099485
spaia,5.034109760446545
spaio,5.557693277432704
spala,4.766141510425256
spali,5.462230839636352
spalo,5.327556683820483
spana,4.722759527206446
spani,5.418821656528907
spano,5.279130320275265
spara,4.905010082780362
spari,5.592307318402225
sparo,5.465800918575384
spasa,4.064679997366312
spase,4.623858419726828
spasi,4.758608969756868
spaso,4.621043998737633
spata,4.767808291210081
spate,5.3304807516098265
spati,5.4647062579335
spato,5.328426565283944
spazi,4.8501684330645904
speck,3.865795588258228
speco,5.128334487336471
speda,5.028517466521603
spedi,5.029819070458164
spedo,4.9314007209273525
spela,5.314294221977123
speli,5.3173202165238935
spelo,5.220094451705516
speme,4.247486488550954
spemi,5.096495424908702
spene,4.4271699274642975
speni,5.2788540143848985
spepa,4.502050480354083
spepe,3.6540202687263625
spera,5.444333043326637
spere,4.596405227618046
speri,5.438121108574037
spero,5.3457273702653865
spesa,4.595914323871883
spese,3.749172821168871
spesi,4.597983086095428
speso,4.498200500086699
spezi,4.700890172301837
spiai,4.877592533037358
spica,5.341918544923645
spiga,5.1203497756411736
spigo,5.010782923361369
spike,4.460394935579652
spina,5.3800577621140455
spine,5.26138716314367
spini,4.679494241638456
spino,5.2691355928413595
spira,5.557468405884399
spire,5.438583591034224
spiri,4.853307656693621
spiro,5.4496521352190666
spola,5.342275973717621
spole,5.251431864375414
spone,5.212073877162219
sponi,5.3117327099988465
spora,5.477432004115682
spore,5.383545323244987
sport,4.788895000299198
sposa,4.636441205666324
spose,4.54325440118032
sposi,4.6465351439647975
sposo,3.7534052778814395
sprue,4.913499368853657
spula,4.936935329315147
spuli,4.93595089117498
spulo,4.818175568299824
spuma,4.71731703837384
spume,4.591871981957067
spumi,4.714877314846549
spumo,4.598987873798126
spura,5.069361506581821
spuri,5.062366162260193
spuro,4.9537537635618545
sputa,4.937601655409094
sputi,4.9377489539524735
sputo,4.8190069284065284
stadi,5.365535316130529
stage,5.217619882184747
staia,5.222590882898351
staio,5.748009076465264
stame,5.299528652989883
stami,5.436297305062291
stana,4.907986587159939
stani,5.606541694937031
stano,5.466328803153026
stara,5.093704319828037
stare,5.655194056898618
stari,5.78220402899602
staro,5.6562994796011035
stasa,4.239763121029037
stasi,4.932582841809586
staso,4.799920007879062
stata,4.294412608367151
state,4.855916425397983
stati,4.991644795770905
stato,4.856243621661411
stava,4.524026587864776
stavi,5.220449104266309
stavo,5.085953106753332
steca,5.4018187616583075
stele,4.642223918511024
steli,5.489882682751226
stelo,5.392689015369638
steno,5.356366358391635
steri,5.620904308471345
stero,5.530251833098722
stesa,4.768760463294915
stese,3.9240207321849767
stesi,4.7693049438001465
steso,4.6734928101311395
stibi,4.5645207719602015
stici,4.819392056893511
stico,5.411088104608084
stiga,5.30716162366585
stigi,4.611200484029395
stigo,5.201982318005665
stila,5.607881339134913
stile,5.4890283253874665
stili,4.909388970721882
stilo,5.501277358255168
stima,5.397063482116991
stime,5.280265139828106
stimi,4.697241277414475
stimo,5.290438198189069
stina,5.565437847623554
stini,4.867909745831272
stino,5.45768117226166
stipa,5.3523355423944485
stipe,5.231220431404351
stipi,4.651492111410051
stipo,5.242942213011006
stira,5.745240144987281
stiri,5.042872177872502
stiro,5.640117877551812
stiva,5.18828687712248
stive,5.067918610282731
stivi,4.488098274653436
stivo,5.080479791081489
stoga,5.224730909999312
stogo,4.342865445929711
stoia,5.734585464339332
stoio,4.918824596318758
stola,5.516175406597445
stole,5.422700779565508
stoma,5.3071930394594355
stomi,5.3141580515912485
stona,5.482867327232409
stone,5.392816985012885
stoni,5.492824157852132
stono,4.602629969443455
store,5.569239721481554
stori,5.663419154734432
stria,5.743112451044395
strie,5.637432813463368
strio,5.63505765911389
studi,4.835527761515154
stufa,4.6784223793296755
stufe,4.548519836933567
stufi,4.67569367964864
stufo,4.5607269130827115
stura,5.261200189767352
sture,5.138606095264174
sturi,5.2540314554927985
sturo,5.145617478157222
stuta,4.466364509093636
stuti,4.46631274026655
stuto,4.350149237937161
style,4.261077408825975
suari,5.757820940977064
suave,5.044043349997146
suavi,5.197759041987948
subbi,4.073746495048916
subii,4.492040960278005
succi,4.41076417637741
succo,4.2972837903031635
suchi,4.380512890270184
sudai,5.084404182833098
sugai,5.126456586919907
sugga,4.156531336653766
sugge,4.0324560900744615
suggi,4.153575342199371
suggo,4.038467141063389
sughi,4.224227188825556
sugli,4.982324176895453
sugna,4.940857088604229
sugne,4.818548505229736
suide,5.188111967851619
suidi,4.618283772104168
suina,5.546262229032867
suine,5.425532853336559
suini,4.858251162223943
suino,5.432057602110052
suite,5.479123232204096
sulka,4.432806722714886
sulla,4.543755825709475
sulle,4.420103834921896
sullo,4.421538045273905
summa,4.2326584000262315
summe,4.1104330638701425
sunna,4.477839511150321
sunne,4.355605561869949
sunti,5.23789599028355
sunto,5.117957809220791
suola,5.492435909780551
suole,5.3984508361159955
suoli,5.509806578668939
suolo,4.612083133124915
suona,5.4532398492747705
suoni,5.470710901235073
suono,4.573320988323636
suora,5.626238714926624
suore,5.533304543715107
super,4.564027813426936
surfa,4.998649791287301
surfi,4.986999319856086
surfo,4.88004876816524
surga,5.152053978621443
surge,5.030756176526099
surgi,5.140731474126779
surgo,5.0341216390476005
surma,5.233737879505608
surra,4.725067060639775
surre,4.602565859105845
surse,4.610318615661958
sursi,4.7219134836442995
surta,5.4435663063202675
surte,5.323179634914549
surti,5.432622143237808
surto,5.32656347947647
susci,4.467816794985053
sushi,3.8185779273296783
sussi,3.676021207692045
susta,4.540785770671668
suste,4.419014129155905
sutha,4.479653436611733
suthe,4.360484214473489
suthi,4.4827268779102285
sutho,4.36388305303592
sutra,5.358177590489807
sutri,5.348066194795828
sutro,5.242265834529451
suzza,3.756861025018088
suzzi,3.75169017932537
suzzo,3.636866213611741
svaga,4.338660948833724
svago,4.892612836664646
svani,5.2801282984807445
svapa,4.36878630443894
svapi,5.063534784796719
svapo,4.925568631039235
svari,5.455733064026628
svasa,3.92688444793512
svasi,4.620072130739318
svaso,4.481372197998804
svela,5.176175523483889
sveli,5.180253842335994
svelo,5.080982326371656
svena,5.131569204819193
sveni,5.138849247786992
sveno,5.0333539787886235
sveva,4.307899349421378
sveve,3.4638327431761122
svevi,4.311542906717127
svevo,4.214360320452812
sviai,4.745807657238338
svina,5.244373826183208
svini,4.546296212705415
svino,5.132418937849959
svisa,4.586329175250169
svisi,3.8877248824941777
sviso,4.477960725247318
svita,5.290171328133093
sviti,4.5927157766341224
svito,5.181992577627058
sviva,4.423695880094672
svivi,3.7224262590785986
svivo,4.314632302103492
svizi,3.976600984251092
svola,5.2021264744418625
svoli,5.211253439466085
svolo,4.322702567691256
svota,5.2028722172769415
svoti,5.212209147049813
svoto,4.322270056547985
svuoi,4.806873828648806
swazi,4.246050662903514
tabla,4.672878742479369
tacca,4.157256058764898
tacce,4.751743814035855
tacci,4.901665838894299
tacco,4.732442592472407
taffi,4.427487344693545
tafia,4.831533512636206
tafie,5.409979425095812
tafii,4.887215534941697
tafio,5.37925395961917
tagga,3.9146454660183765
taggo,4.486788515334478
tagli,5.481492497934927
taide,5.634317330473758
taidi,5.120967627126468
taiga,5.063228616482641
taiko,5.057767551347402
taina,5.31574420719213
taine,5.884194059097175
taini,5.373268979077431
taino,5.862561287744747
talco,5.500697314073652
talea,5.170860888955477
talee,5.034964478646815
talli,5.044293218008154
tallo,4.870602716030543
talpa,4.755651059779092
talpe,5.3492341671257595
tamia,5.051349062893057
tanai,5.253796181432138
tanca,4.896379210287982
tanco,5.474448832884636
tanfa,4.548102584085115
tanfi,5.299585196927626
tanfo,5.126128952888751
tanga,4.698215709516853
tange,5.296587585978239
tango,5.2753998188392215
tanna,4.233617980075586
tanni,4.987146687940245
tanno,4.812594197674829
tanta,4.304481274991421
tante,4.9062453146346074
tanti,5.059159730001394
tanto,4.88817689422129
tappa,3.9134744687032086
tappe,4.507543896623685
tappi,4.658925998505916
tappo,4.487325993781907
tarai,5.4495445497837105
tarda,4.920212634380134
tarde,5.514673722436997
tardi,5.662792522660339
tardo,5.500727318112763
targa,4.91155822073499
targo,5.4902100554045985
tarla,5.166729450289602
tarli,5.9078962755358395
tarlo,5.745640640197343
tarma,4.989166683871036
tarme,5.581438844795239
tarmi,5.731069385323246
tarmo,5.567577328787829
tarpa,4.932619263252217
tarpi,5.674881346357577
tarpo,5.5113904494703725
tarsi,5.963251075571574
tarso,5.8048528206331165
tasca,4.948233852526844
tassa,4.347203948425157
tasse,4.941952300768009
tassi,5.0901731842741675
tasso,4.9250047625660756
tasta,4.345099234540825
taste,4.946134527325576
tasti,5.093251150625286
tasto,4.9285778630585195
tatti,4.198541433222717
tatto,4.025919129199339
tatua,4.0534732260590856
tatui,4.7967491137074285
tatuo,4.604414561117204
taura,5.014198952771169
taure,5.580756764374104
tauri,5.747452579221562
tauro,5.560558260131646
tazza,3.5196179922448065
tazze,4.11233507095142
tebea,4.706851664373579
tebee,3.532211862130585
tebei,4.71027908312606
tebeo,4.60676456202633
tecca,4.749110330984483
teche,3.821405428579764
tecno,5.351323734585713
tedia,5.4908522821318435
tedio,5.3983274568048145
tegea,4.779140159984943
tegee,3.6022258201296933
tegei,4.780144536488813
tegeo,4.678279080812477
teghe,3.6705180807067537
teide,4.766526891896487
teidi,4.96272681082564
teina,5.859590943815946
teine,5.01727038823324
teita,5.208060780053622
teite,4.361665239049598
teiti,4.571893664959992
telai,5.718479076550995
temei,4.832333755478348
tempa,5.095050519147412
tempe,4.194805650948299
tempi,5.094439334253043
tempo,4.990843636817315
tenda,5.310245829457612
tende,4.409629368824192
tendi,5.303952545531529
tendo,5.203193231128408
tenei,5.049358286805263
tenga,5.297778531357095
tenge,4.394592580581905
tengo,5.190009183302602
tenia,5.812894494116372
tenie,4.979028450574301
tenne,3.933141432077528
tenni,4.83805387171251
tenno,4.729415185095325
tensa,5.617293320725815
tense,4.715558802819112
tenta,4.905833360244769
tenti,4.907786520400537
tento,4.801797549140833
tenue,4.439971566063068
tenui,5.332310486661775
tenza,4.991737137404846
tenze,4.088530849803003
tepee,3.614880454830604
teppa,4.506876779770274
teppe,3.6060767186038243
terbi,5.44364449145993
terga,5.5040633401456045
terge,4.602160071237378
tergi,5.495585908696645
tergo,5.395982749891305
terme,4.6824761191683875
termo,5.477780810453285
terna,5.748095083557473
terne,4.844074247138954
terni,5.742867126996995
terno,5.638110255343303
terra,5.091152908033123
terre,4.187934480457454
tersa,5.818787338031836
terse,4.914012168428802
tersi,5.807471579454436
terso,5.713632964252355
terza,5.1855474730656566
terze,4.283110151355232
terzi,5.1814091499975445
terzo,5.0795550171357515
tesai,5.742918376432986
tesla,5.641309241715411
tesle,4.740943525762567
tessa,4.936988897077544
tesse,4.034726556670114
tessi,4.935953531427048
tesso,4.834785006419859
testa,4.9391310028756426
teste,4.034323643433816
testi,4.943036846972056
testo,4.840062762867978
tetra,5.046393974737022
tetre,4.141551885653734
tetri,5.042545786993117
tetro,4.93962908542947
tetta,4.042269904691783
tette,3.136280180292567
tetti,4.046085814931562
tetto,3.938162626063824
texta,4.013585169144783
texte,3.109192729239614
texti,4.017760095989082
texto,3.907693689730357
theta,4.078554954644199
tiade,5.616962065858314
tiadi,5.042821276800641
tiara,5.502350194039864
tiare,6.047130479048786
tiasi,5.346576423065194
tiaso,5.906614704451541
tibia,4.953969165427627
tibie,4.862473761400712
tiene,5.04298791516062
tieni,5.150133110722183
tifai,4.657411093152641
tigli,4.663899956654007
tigna,5.364892938347973
tigne,5.260131881186184
tigni,4.627186977505157
tigno,5.25599999405791
tigra,5.549460747786619
tigre,5.444689345876748
tigri,4.809373513290133
tigro,5.440377714225166
tigua,5.14399282133962
tilde,5.308125948350363
tildi,4.676975717428074
tilla,4.9694288769516595
tille,4.862917448040463
tilli,4.232460807872207
tillo,4.855378512753552
timpa,5.169179887372592
timpe,5.0636427584086805
tinca,5.570515400073163
tinga,5.361022766762954
tinge,5.255092683412479
tingi,4.621590638675134
tingo,5.25049091185187
tinse,5.583897560858516
tinsi,4.9472028438849005
tinta,4.979606680978799
tinte,4.8754338271132
tinti,4.240255078644274
tinto,4.871045508520957
tioli,5.2040658240794295
tiolo,5.04065310367798
tirai,5.292760467859952
tirsi,5.156591817690051
tirso,5.791670236358066
tizia,4.706696481994217
tizie,4.613641211254745
tizio,4.603289130615976
tizzi,3.4415305279689052
tizzo,4.073470561610019
tmesi,5.2795216410790955
toast,4.715490234025169
tocai,5.575810516475652
tocca,4.745272790688694
tocco,3.8108436465834536
tochi,4.727991520583137
toghe,4.483509581858422
toghi,4.579476149872377
togli,5.333644544601993
tokai,4.864382246038474
tolda,5.3281361859433485
tolde,5.243041982120999
tolga,5.314693920218869
tolgo,4.377826591551563
tolla,4.881659803857103
tolle,4.797222012683029
tolse,5.554971868012157
tolsi,5.644389052821216
tolta,4.922525611838836
tolte,4.839009239980939
tolti,4.932777161381619
tolto,3.9850089293451134
tomai,5.470594740110591
tomba,5.008109660465211
tombe,4.923735838067361
tombi,5.020918345402594
tombo,4.073053885774619
tonai,5.683940123474724
tonda,5.302388386377196
tonde,5.214816278911983
tondi,5.3086747708271975
tondo,4.362438188193177
tonfa,5.138289167743548
tonfi,5.152338812543454
tonfo,4.200781400138051
tonia,5.789324924827388
tonie,5.734256949549226
tonni,4.837643658699238
tonno,3.884810261936256
tonta,4.897501968915583
tonte,4.811760256778542
tonti,4.91121023691845
tonto,3.957839873356151
topoi,4.660324968860989
toppa,4.501797730982648
toppe,4.417451366598012
toppi,4.512535318810312
toppo,3.5650413767219535
toque,4.337309054448183
torba,5.4452232453966305
torbe,5.359441192945645
torbi,5.450000971629227
torbo,4.501019710819528
torca,5.690839612943591
torce,5.603781815245059
torci,5.6938405181174705
torco,4.747208691285427
tordi,5.512181369331589
tordo,4.568136112020153
torea,5.88781833595384
torei,5.9133636804074365
toreo,5.013061587013241
torio,5.116614377312497
torli,5.756484478964176
torlo,4.807783762480328
torma,5.5784585095873975
torme,5.492298403118725
torna,5.7399358383537455
torni,5.743951380190172
torno,4.793624695783302
torre,5.001279695902962
torri,5.092840257304008
torse,5.73223235946194
torsi,5.814481145726317
torso,4.875221208536397
torta,5.0946290951589415
torte,5.009621132133704
torti,5.099812532253179
torto,4.151383437440079
torva,5.361970603339012
torve,5.275152428406996
torvi,5.366835073162987
torvo,4.417586345027854
tosai,5.74049311294049
tosca,5.544331292790873
tosco,4.608874195334655
tossa,4.944039951649468
tosse,4.860870782414244
tossi,4.954532964484784
tosso,4.008131004701579
tosta,4.946147381980834
toste,4.8647527506347625
tosti,4.958192094807372
tosto,4.010835060660935
totem,4.275087143366884
tozza,4.106656604777357
tozze,4.023002770041223
tozzi,4.1162316459679635
tozzo,3.1697952558623084
trace,5.566041753187212
traci,5.6933814764948325
trade,5.384528219506077
trago,5.372884186383312
trama,4.884961297562468
trame,5.444444690830143
trami,5.572481041929349
tramo,5.4458045771883015
trana,5.046553669548633
trani,5.734202383049481
trano,5.603371067210572
trans,5.036705565849723
trapa,4.8378429712728295
trape,5.398655832428379
trare,4.973304096127214
trave,5.22890245472888
travi,5.356923695772594
trema,5.435875648333531
tremi,5.431478343961928
tremo,5.341214383045675
trena,5.606700159850403
treni,5.6025808594644975
treno,5.5068490815240825
trevi,5.222353793468006
trevo,5.129239133663836
triai,5.224665406381489
tribi,4.722022411612123
tribo,5.318561391127239
tribu,4.631425961062808
triga,5.473125903455569
trike,4.815140317462571
trina,5.710060980032254
trine,5.5981351052824655
trini,5.003375332100066
trino,5.600818054391871
trita,5.078430258665358
trite,4.9702371871587046
triti,4.37851329204897
trito,4.973042869583633
trivi,4.637611869764566
troco,4.702317838285581
troia,5.8924363903489025
troie,5.825299302296476
troll,4.274484864593678
trona,5.62488577147523
trone,5.53866538711414
troni,5.628701473143507
trono,4.742100529732849
tropi,5.414593744272786
tropo,4.5287092784081535
trota,4.991379512248371
trote,4.903780538111119
trova,5.251775729451691
trovi,5.25771736735435
trovo,4.369845479939482
truca,5.187492090504416
truce,5.066445699812283
truci,5.183961582041948
truka,4.44385043717884
truke,4.325784913514372
tsuga,4.776545523605598
tubai,4.94614065985464
tufai,4.851401517453901
tuffa,3.808782524957538
tuffi,3.8094354012081237
tuffo,3.691777317474394
tughe,3.9874997769492726
tulio,5.310344903373956
tulle,4.3058047456059185
tumba,4.5460993410080786
tunna,4.366206976994647
tunne,4.244178494869872
tunni,4.363715004937903
tunno,4.24402805457528
tuona,5.351807982939791
tuoni,5.366758140733533
tuono,4.466256878108559
turai,5.478816024198311
turba,4.989466362223337
turbe,4.869550075066328
turbi,4.979762448784015
turbo,4.869255501881956
turca,5.239710017788169
turco,5.119078734362474
turma,5.124147045466805
turme,5.004743181153939
turna,5.288616789250991
turni,5.2773340264831115
turno,5.1654561822871
turpe,4.944828229905977
turpi,5.0536963767268395
tusca,5.080158225917842
tusco,4.964932047187225
tutai,4.584538103918274
tutor,3.877664094827962
tutsi,4.461758599784861
tutta,3.5777506747567314
tutte,3.4574773004213224
tutti,3.5817409373186604
tutto,3.461782270519245
tuzia,4.822313214021418
tuzie,4.712288141826534
ubbia,4.175100440025847
ubbie,4.053585825106449
ubera,5.086100186200999
ubere,4.243624797681663
uberi,5.0791926857618135
ubero,4.973986245921054
ubica,4.965121177589515
ubico,4.842245142180115
ubini,4.319034522670208
ubino,4.891905038639903
uccia,4.470392319160545
uccio,4.3458913937443695
udire,5.127400544979971
udita,5.095358870133487
udite,4.972811239735608
uditi,4.399031180325122
udito,4.974388491508239
udiva,4.674989754053228
udivi,3.974671801731832
udivo,4.549270808911813
udrai,5.120519316069198
udrei,5.124869305351015
ufizi,3.6574040685632108
uggia,4.238161934769346
uggii,3.542257511931598
uggio,4.113566489476589
ugnai,4.88486194220313
ugola,4.992603361183658
ugole,4.891720413702238
ukase,4.518351325497865
ukiyo,3.545753838275503
ulama,4.507292246071181
ulani,5.348368965734321
ulano,5.198234403681211
ulema,5.037748481823264
ulese,4.44852051676978
ulesi,5.2861467676649365
ulice,5.1536341512563
ulici,4.583244348075008
ulite,5.238395625931105
uliti,4.6674142720440654
uliva,4.9394537228516775
ulive,4.812372927764314
ulivi,4.241706438380499
ulivo,4.810468191014087
ultra,5.113756336556258
ulula,3.5530981488667073
ulule,3.429260375897092
ululi,3.546593050189738
ululo,3.430240666815592
umana,4.489163765962187
umane,5.031106834695675
umani,5.177128683878084
umano,5.026176447536848
umata,4.521590172948705
umate,5.065133081064637
umati,5.211241737116352
umato,5.061852451823674
umbra,4.640664797438301
umbre,4.514463787086314
umbri,4.623955703946222
umbro,4.5173899831321
umica,5.083702322435714
umici,4.385564345889556
umico,4.9622020701447145
umida,4.8941907852396636
umide,4.77009548615595
umidi,4.194585716968345
umido,4.771723567270063
umile,5.052096637052377
umili,4.482131765676576
umore,5.135350582532316
umori,5.232062139377848
unari,5.466885211982891
unica,5.214355840727545
unici,4.515440075089011
unico,5.091373373476716
unire,5.306301400366453
unita,5.306038387282155
unite,5.182585326175199
uniti,4.609686826869576
unito,5.184685763259439
univa,4.874108533533141
univi,4.173724720801404
univo,4.745390532313071
unqua,3.1909456846786446
unque,3.0671097122815834
untai,5.086664550165363
upupa,3.2164388068477328
upupe,3.090431342659252
urali,5.571912113055561
urati,5.598601134161432
urato,5.457045413973826
urese,4.646436547722475
uresi,5.475393192253949
urica,5.492461295824687
urici,4.792498992478376
urico,5.374120611981544
urina,5.518680518733627
urine,5.3975557977979784
urini,4.817651066309058
urino,5.397276538634551
urlai,5.375391987847942
urlii,4.805057572023986
urlio,5.385151465478125
urone,5.341136653162345
uroni,5.435805355305838
urtai,5.368795098378077
usaci,5.309676097253001
usala,4.7106541596802565
usale,5.256148860837741
usali,5.397042606991511
usalo,5.247258224165296
usami,5.184668938748121
usane,5.214348245805519
usano,5.207411882641689
usare,5.395172997736033
usata,4.711854671107884
usate,5.255945945768854
usati,5.39978798755853
usato,5.251613467425154
usava,4.279145126410177
usavi,4.962132069859706
usavo,4.811115195317246
uscii,4.496161898950539
uscio,5.066144006420372
usino,5.19477795212612
usura,4.388294176190428
usure,4.266054675395802
usuri,4.373353357198136
usuro,4.2705247080502335
uteri,5.353084963199107
utero,5.250507128348381
utese,4.393580518970891
utesi,5.232841093209892
utile,5.1971074677541935
utili,4.627916008897091
uvala,4.337884722078921
uvale,4.878815657462154
uvina,4.944392389020977
uvine,4.8186413456841874
uvola,4.88976315847798
uvole,4.790104883339643
uvosa,4.928259897078663
uvose,4.83386039420896
uvosi,4.935169777592149
uvoso,4.043894461535011
uvula,3.874616691187991
uvule,3.7480608207191946
uxori,4.576397727944177
vacai,4.7565559662500325
vacca,3.772938343011857
vacci,4.521291688807692
vachi,4.4871641797008675
vacua,4.253642477062967
vacue,4.8250459950189555
vacui,4.999086709720961
vacuo,4.8003968223127425
vaffa,3.2879163554263515
vagai,4.601819326851444
vaghe,4.18805248294266
vaghi,4.343505866657208
vagii,4.671419603116726
vagli,5.111300911686705
vaiai,4.509641364695828
valga,4.3503326165652645
valgo,4.925927041839047
valla,3.9044644295311657
valle,4.501840173358393
valli,4.657723902764902
vallo,4.4810189142752614
valsa,4.680833685714516
valse,5.274819766105537
valsi,5.4277770121987485
valso,5.255493754661041
valva,3.763834665237657
valve,4.359143975542617
vammi,4.344767667555258
vampa,4.114408282783205
vampe,4.706842325497416
vampi,4.862370063089735
vampo,4.68736461096516
vanai,4.8515187971333145
vanea,4.741198448613869
vanei,5.4547256274661695
vaneo,5.271686073577638
vanga,4.304880909604753
vango,4.880866196009036
vania,4.856414173823978
vanie,5.443008675783883
vanii,4.917924624590298
vanio,5.408176456455012
vanne,4.43961517555734
vanni,4.597280192211781
vanno,4.416771575171491
vanta,4.592693949748676
vanti,5.350037424385028
vanto,5.175089531269082
varai,5.052172404802301
varca,4.723542981411316
varco,5.302594850548054
varea,4.950546076617741
varee,4.817781459736342
varia,5.063615305749882
varie,5.647631123064041
vario,5.6172456213021515
varva,3.9370520560137616
varve,4.5334332438276075
vasai,4.906279649368661
vasca,4.572211825490261
vasta,4.64935344446842
vaste,5.24896663073638
vasti,5.398453826831296
vasto,5.2332929229965375
vatti,4.648301122899318
vauda,4.188927155985249
vaude,4.759612842304171
vecce,3.473013187487309
vecia,5.323426956880515
vecio,5.228632020644233
vedda,4.092155394276307
vegge,3.2274338197416483
veggi,4.124224442414937
vegli,4.960565578408963
velai,5.33133567297541
velia,5.457984697470147
velie,4.623058981915015
velli,4.509723939284978
vello,4.404768833415426
velma,5.0304909587355535
velme,4.1296033904757845
venai,5.299764546302979
venda,4.923731161012683
vende,4.027606204653874
vendi,4.922037248329386
vendo,4.819516639457775
venga,4.907674697458556
vengi,4.9059354821860905
vengo,4.801307322060453
venia,5.419965808908311
venie,4.590472423467932
venne,3.5465380741708685
venni,4.449113004884475
venta,5.199216687521463
venti,5.203275440337124
vento,5.097711584982448
vepre,4.208145082172545
vepri,5.098036606289581
vepsa,4.996557804790193
vepse,4.097080885886029
vepsi,4.996043952727382
vepso,4.893161877585976
verbi,5.056500733845557
verbo,4.955595080364726
verde,4.2397194274326395
verdi,5.127500326412702
verga,5.123110435231235
verge,4.224223916782526
vergi,5.111501676742721
vergo,5.015013801535458
verla,5.387962534174487
verle,4.485678357789095
verme,4.298399986325231
vermi,5.192808523965049
vermo,5.091452410958959
verna,5.365448130511927
verne,4.465660187149371
verni,5.361595723034821
verno,5.25800648808991
verri,4.6987849789090586
verro,4.596509349270808
versa,5.4491813961481075
verse,4.54666194893982
versi,5.436735823184784
verso,5.3427655195883395
verta,5.399547810721538
verte,4.496444776889454
verti,5.394561308348822
verto,5.293163615949593
verve,3.635189031512116
verza,4.80314496809278
verze,3.903823145633374
vesce,4.269623114668511
vespa,4.997230856428734
vespe,4.09579837716782
vessa,4.566567820737946
vessi,4.565406685031786
vesso,4.462252128301474
vesta,5.248641262520366
veste,4.348818583230913
vesti,5.2511864953971115
vesto,5.15022071215739
vetri,5.3320601598848985
vetro,5.231835889386688
vetta,4.494786943796706
vette,3.592861717984658
vezzi,3.7257154129607013
vezzo,3.61998667047364
viado,5.203758132340044
viale,5.502100527360844
viali,4.93425988055402
viari,5.07213984990985
vibra,5.091244907745321
vibri,4.353285824656547
vibro,4.9825236718292425
vichi,3.6719878642838926
video,4.987792180889544
viene,4.645793468382174
vieni,4.752441785993212
viera,5.610377134480229
viere,4.820743951496027
vieri,4.923114533384832
viero,5.51850694957796
vieta,5.464500304068579
viete,4.6719097559909635
vieti,4.780452632489875
vieto,5.373028937531964
vigli,4.297084836859737
vigna,4.9848147568513905
vigne,4.877928113977485
vilai,4.7284133002317965
vilii,3.8048309064430423
villa,4.584133277757791
ville,4.476815637431938
villi,3.850094594671728
villo,4.468117607823353
vimai,4.4795766136785655
vinai,4.686688634650056
vinca,5.18465657471294
vince,5.077241907849178
vinci,4.447528116718689
vinco,5.0733950010583975
vinea,5.381255491391727
vinee,4.600404326860262
vinse,5.199157162213948
vinsi,4.5664398596720766
vinta,5.269184177572366
vinte,5.165281850418559
vinti,4.531928952903059
vinto,5.159803508161362
viola,5.489997140604818
viole,5.40975339123529
violi,4.820275394469865
violo,4.654801975144337
vipla,5.03589684511764
viple,4.927111757993447
virai,4.898604324614777
virei,4.913143476761441
vireo,5.505837251320193
virga,5.194629560510984
virgo,5.087175697128445
virtu,4.68829265776971
virus,4.588390759740387
visai,4.74460429941827
visco,5.133439738748047
vispa,5.065594487067017
vispe,4.959430594511169
vispi,4.330886204785173
vispo,4.956345404927063
visse,4.5319415748458765
vissi,3.9010487822223574
vista,5.319592091231849
viste,5.218023828831913
visti,4.58641742114197
visto,5.214337144777691
vitae,5.272196994388386
vitai,4.672851303854808
vitro,5.297482182925255
vitta,4.5654910061218255
vitte,4.461804860230114
vitti,3.831354296230864
vitto,4.458794765321538
vivai,3.818507941023224
vizia,4.318643016399278
vizio,4.216048704519863
vizza,3.793585372941975
vizze,3.6888020357918423
vizzi,3.0520671372450936
vizzo,3.6842804757312315
vocai,5.1916577997065465
vochi,4.3459313439410465
vocia,5.305238205241693
vocii,4.68891906755274
vocio,4.442365061425064
vodka,4.057590318538318
vogai,5.038159683804813
voghe,4.1018376476877245
voghi,4.201521754616713
vogli,4.964847277145205
voice,5.325852226354866
voile,5.427690263321838
volai,5.3157102782642625
volca,5.13682683512905
volco,4.197191564116745
volee,4.56433403303295
volga,4.937157698344161
volge,4.851447403081898
volgi,4.947062077142809
volgo,3.998534006083435
volle,4.41238881604252
volli,4.509421905450189
volpa,4.96439797353024
volpe,4.879312639368407
volpi,4.976356924722624
volpo,4.02572651421026
volse,5.18621556499197
volsi,5.279893750726175
volta,5.220718006721473
volte,5.137193999507039
volti,5.232261615171859
volto,4.2811352500164634
volva,4.353412536654534
volve,4.268484639968221
volvi,4.3649423802677525
volvo,3.4133113175814356
vomii,4.582143940293506
vorai,5.485451466794148
vosco,4.233514648829828
votai,5.276599254244236
votii,4.776003533505599
vulga,4.488983085442717
vulgo,4.3607990386801205
vulva,3.9030300768011337
vulve,3.7764149539787257
vuole,4.896129899020722
vuota,4.988925841211376
vuote,4.895740733469552
vuoti,5.007118611408232
vuoto,4.105764224489225
wakhi,3.287747169713416
wasca,4.091798588389531
wasce,4.689424202002263
wasci,4.840633280845951
wasco,4.669951642870622
washa,3.4310078879089683
washe,4.025960837285411
washi,4.176400898344294
washo,4.001725041836303
wayaa,2.4199283982124604
wayae,3.38840390603501
wayai,3.487940812138724
wayao,3.3699682204914767
white,3.882090677360104
whiti,3.2980388683635598
widia,4.095999783636473
xenia,4.934546197589732
xenie,4.102790757107785
xenon,3.3887330224759955
xhosa,3.9451221136440293
yagua,3.630545056577212
yamea,4.0647222388929665
yamee,3.9273879894047994
yamei,4.771705479064573
yameo,4.592511913917134
yaqui,3.73878595674939
yoghi,3.7207916986121274
yucca,3.4365811826431836
yuchi,3.396873270562414
yurta,4.4752504463976
yurte,4.354026230028971
zabri,4.9941561016288905
zabro,4.829369291829179
zaffa,3.1138651913486886
zaffe,3.701657287111626
zaffi,3.858606301642393
zaffo,3.686269077483322
zaina,4.748734350006089
zaine,5.315120648867517
zaini,4.803905974151604
zaino,5.294319340014281
zaire,5.502867576836404
zamba,3.859906274430282
zambo,4.431632933717448
zamia,4.488813068054691
zamie,5.065432804348772
zampa,3.9426534839924505
zampe,4.533055309916436
zampi,4.687494930252437
zampo,4.5145486215385855
zanca,4.340364871094397
zande,4.748546842443326
zanna,3.671397699010562
zanne,4.2673511002197095
zanni,4.421811329661782
zanno,4.246760380348938
zappa,3.3431050515832688
zappe,3.9353929199887983
zappi,4.089023540608453
zappo,3.91766292331173
zarri,4.677258773966156
zarro,4.510288642148772
zatta,3.7188106463418986
zatte,4.314778362547708
zebra,4.839452579627856
zebre,3.9381757358629073
zebri,4.8406552919857555
zebro,4.734930330698961
zecca,4.191137327133854
zecco,4.0855936785889515
zelai,5.155045425878483
zenda,4.750123359147366
zende,3.8495308112340227
zendi,4.746627637820288
zendo,4.6436665998627875
zenit,4.645934457088186
zeppa,3.9347531186745526
zeppe,3.0339383423465907
zeppi,3.937269401330106
zeppo,3.830579880006003
zerbi,4.883837215556256
zerbo,4.778849517565966
zerga,4.942312559919153
zerge,4.041687374034457
zergi,4.936668802865966
zergo,4.835299937035651
zetti,4.316007961137416
zetto,4.207263573197558
zifio,4.183752864896753
zigai,4.254607877053404
zighi,3.343853879603273
zigna,4.808961848623144
zigni,4.070056346225809
zigno,4.699611357928896
zilla,4.408354026118652
zilli,3.6708139056355527
zillo,4.294052308685453
zinca,5.011278414794827
zinco,4.898825908117597
zinia,4.710085709879744
zinie,4.619244895269525
zinna,4.337667633724285
zinne,4.233059874611851
zinni,3.5967160418152715
zinno,4.225030272743557
ziona,5.2792291633456925
zione,5.203606167379702
zioni,4.606050718165673
zippa,4.006227617012346
zippi,3.267168044705817
zippo,3.89633784210008
zirbi,4.229044701229759
zirbo,4.860036427834695
zirla,5.283228631458306
zirli,4.542588472598704
zirlo,5.172081556549797
zitta,4.383933296922574
zitte,4.278037054588781
zitti,3.647375023340812
zitto,4.2761472249841175
zizza,3.2837018366306623
zizze,3.1790589700974423
zoeci,5.143661660891565
zolfa,4.594362252243262
zolfi,4.608312211747384
zolfo,3.657455590240089
zolla,4.318343279906674
zolle,4.233512883720824
zolli,4.332175880780282
zollo,3.3773073419827715
zomba,4.447692139827271
zombi,4.46291563194966
zombo,3.5119936624976624
zompa,4.529384900389948
zompi,4.545852767404273
zompo,3.5943925991984704
zonai,5.109186725196828
zonzo,3.1728013732434572
zooma,4.297423877505895
zoomi,4.315670938197554
zoomo,3.0651485341246496
zoppa,3.930698688061373
zoppe,3.846901077836091
zoppi,3.944251748045642
zoppo,2.994014537226425
zoque,3.759944107474986
zoqui,3.8739943882336276
zozza,3.208644942899299
zozze,3.125267628469549
zozzi,3.219658957216557
zozzo,2.270465318731947
zuava,3.8244057043961623
zuave,4.368970864439389
zuavi,4.520960153506941
zuavo,4.361235835222687
zucca,3.726822292372351
zuffa,3.2355973822839523
zuffe,3.111795549904445
zughi,3.5449925374024196
zumai,4.498055304030376
zuppa,3.4672993214955015
zuppe,3.3445758623950317
zuppi,3.4651665233107347
zuppo,3.345595238809201
zurla,4.740026150201965
zurli,4.728645747408826
zurlo,4.616409932515074
